CPU Reset (CPU 0)
EAX=00000000 EBX=00000000 ECX=00000000 EDX=00000000
ESI=00000000 EDI=00000000 EBP=00000000 ESP=00000000
EIP=00000000 EFL=00000000 [-------] CPL=0 II=0 A20=0 SMM=0 HLT=0
ES =0000 00000000 00000000 00000000
CS =0000 00000000 00000000 00000000
SS =0000 00000000 00000000 00000000
DS =0000 00000000 00000000 00000000
FS =0000 00000000 00000000 00000000
GS =0000 00000000 00000000 00000000
LDT=0000 00000000 00000000 00000000
TR =0000 00000000 00000000 00000000
GDT=     00000000 00000000
IDT=     00000000 00000000
CR0=00000000 CR2=00000000 CR3=00000000 CR4=00000000
DR0=0000000000000000 DR1=0000000000000000 DR2=0000000000000000 DR3=0000000000000000 
DR6=0000000000000000 DR7=0000000000000000
CCS=00000000 CCD=00000000 CCO=EFLAGS
EFER=0000000000000000
FCW=0000 FSW=0000 [ST=0] FTW=ff MXCSR=00000000
FPR0=0000000000000000 0000 FPR1=0000000000000000 0000
FPR2=0000000000000000 0000 FPR3=0000000000000000 0000
FPR4=0000000000000000 0000 FPR5=0000000000000000 0000
FPR6=0000000000000000 0000 FPR7=0000000000000000 0000
XMM00=0000000000000000 0000000000000000 XMM01=0000000000000000 0000000000000000
XMM02=0000000000000000 0000000000000000 XMM03=0000000000000000 0000000000000000
XMM04=0000000000000000 0000000000000000 XMM05=0000000000000000 0000000000000000
XMM06=0000000000000000 0000000000000000 XMM07=0000000000000000 0000000000000000
CPU Reset (CPU 0)
EAX=00000000 EBX=00000000 ECX=00000000 EDX=00060fb1
ESI=00000000 EDI=00000000 EBP=00000000 ESP=00000000
EIP=0000fff0 EFL=00000002 [-------] CPL=0 II=0 A20=1 SMM=0 HLT=0
ES =0000 00000000 0000ffff 00009300
CS =f000 ffff0000 0000ffff 00009b00
SS =0000 00000000 0000ffff 00009300
DS =0000 00000000 0000ffff 00009300
FS =0000 00000000 0000ffff 00009300
GS =0000 00000000 0000ffff 00009300
LDT=0000 00000000 0000ffff 00008200
TR =0000 00000000 0000ffff 00008b00
GDT=     00000000 0000ffff
IDT=     00000000 0000ffff
CR0=60000010 CR2=00000000 CR3=00000000 CR4=00000000
DR0=0000000000000000 DR1=0000000000000000 DR2=0000000000000000 DR3=0000000000000000 
DR6=00000000ffff0ff0 DR7=0000000000000400
CCS=00000000 CCD=00000000 CCO=EFLAGS
EFER=0000000000000000
FCW=037f FSW=0000 [ST=0] FTW=00 MXCSR=00001f80
FPR0=0000000000000000 0000 FPR1=0000000000000000 0000
FPR2=0000000000000000 0000 FPR3=0000000000000000 0000
FPR4=0000000000000000 0000 FPR5=0000000000000000 0000
FPR6=0000000000000000 0000 FPR7=0000000000000000 0000
XMM00=0000000000000000 0000000000000000 XMM01=0000000000000000 0000000000000000
XMM02=0000000000000000 0000000000000000 XMM03=0000000000000000 0000000000000000
XMM04=0000000000000000 0000000000000000 XMM05=0000000000000000 0000000000000000
XMM06=0000000000000000 0000000000000000 XMM07=0000000000000000 0000000000000000
SMM: enter
EAX=00000000 EBX=00000000 ECX=02000000 EDX=02000628
ESI=0000000b EDI=02000000 EBP=00014de0 ESP=00006c5c
EIP=000ea6dd EFL=00000046 [---Z-P-] CPL=0 II=0 A20=1 SMM=0 HLT=0
ES =0010 00000000 ffffffff 00cf9300 DPL=0 DS   [-WA]
CS =0008 00000000 ffffffff 00cf9b00 DPL=0 CS32 [-RA]
SS =0010 00000000 ffffffff 00cf9300 DPL=0 DS   [-WA]
DS =0010 00000000 ffffffff 00cf9300 DPL=0 DS   [-WA]
FS =0010 00000000 ffffffff 00cf9300 DPL=0 DS   [-WA]
GS =0010 00000000 ffffffff 00cf9300 DPL=0 DS   [-WA]
LDT=0000 00000000 0000ffff 00008200 DPL=0 LDT
TR =0000 00000000 0000ffff 00008b00 DPL=0 TSS32-busy
GDT=     000f61e0 00000037
IDT=     000f621e 00000000
CR0=00000011 CR2=00000000 CR3=00000000 CR4=00000000
DR0=0000000000000000 DR1=0000000000000000 DR2=0000000000000000 DR3=0000000000000000 
DR6=00000000ffff0ff0 DR7=0000000000000400
CCS=00000044 CCD=ffffffff CCO=EFLAGS
EFER=0000000000000000
SMM: after RSM
EAX=00000000 EBX=00000000 ECX=02000000 EDX=02000628
ESI=0000000b EDI=02000000 EBP=00014de0 ESP=00006c5c
EIP=000ea6dd EFL=00000046 [---Z-P-] CPL=0 II=0 A20=1 SMM=0 HLT=0
ES =0010 00000000 ffffffff 00c09300 DPL=0 DS   [-WA]
CS =0008 00000000 ffffffff 00c09b00 DPL=0 CS32 [-RA]
SS =0010 00000000 ffffffff 00c09300 DPL=0 DS   [-WA]
DS =0010 00000000 ffffffff 00c09300 DPL=0 DS   [-WA]
FS =0010 00000000 ffffffff 00c09300 DPL=0 DS   [-WA]
GS =0010 00000000 ffffffff 00c09300 DPL=0 DS   [-WA]
LDT=0000 00000000 0000ffff 00008200 DPL=0 LDT
TR =0000 00000000 0000ffff 00008b00 DPL=0 TSS32-busy
GDT=     000f61e0 00000037
IDT=     000f621e 00000000
CR0=00000011 CR2=00000000 CR3=00000000 CR4=00000000
DR0=0000000000000000 DR1=0000000000000000 DR2=0000000000000000 DR3=0000000000000000 
DR6=00000000ffff0ff0 DR7=0000000000000400
CCS=00000044 CCD=00000000 CCO=EFLAGS
EFER=0000000000000000
SMM: enter
EAX=000000b5 EBX=000f7e0e ECX=00001234 EDX=00006cff
ESI=00006cb4 EDI=06ffeca6 EBP=00006c74 ESP=00006c74
EIP=00007e0b EFL=00000006 [-----P-] CPL=0 II=0 A20=1 SMM=0 HLT=0
ES =d900 000d9000 ffffffff 008f9300
CS =f000 000f0000 ffffffff 008f9b00
SS =0000 00000000 ffffffff 008f9300
DS =0000 00000000 ffffffff 008f9300
FS =0000 00000000 ffffffff 008f9300
GS =0000 00000000 ffffffff 008f9300
LDT=0000 00000000 0000ffff 00008200
TR =0000 00000000 0000ffff 00008b00
GDT=     00000000 00000000
IDT=     00000000 000003ff
CR0=00000010 CR2=00000000 CR3=00000000 CR4=00000000
DR0=0000000000000000 DR1=0000000000000000 DR2=0000000000000000 DR3=0000000000000000 
DR6=00000000ffff0ff0 DR7=0000000000000400
CCS=00000000 CCD=00006c74 CCO=ADDL
EFER=0000000000000000
SMM: after RSM
EAX=000000b5 EBX=000f7e0e ECX=00001234 EDX=00006cff
ESI=00006cb4 EDI=06ffeca6 EBP=00006c74 ESP=00006c74
EIP=000f7e0e EFL=00000046 [---Z-P-] CPL=0 II=0 A20=1 SMM=0 HLT=0
ES =0010 00000000 ffffffff 00c09300 DPL=0 DS   [-WA]
CS =0008 00000000 ffffffff 00c09b00 DPL=0 CS32 [-RA]
SS =0010 00000000 ffffffff 00c09300 DPL=0 DS   [-WA]
DS =0010 00000000 ffffffff 00c09300 DPL=0 DS   [-WA]
FS =0010 00000000 ffffffff 00c09300 DPL=0 DS   [-WA]
GS =0010 00000000 ffffffff 00c09300 DPL=0 DS   [-WA]
LDT=0000 00000000 0000ffff 00008200 DPL=0 LDT
TR =0000 00000000 0000ffff 00008b00 DPL=0 TSS32-busy
GDT=     000f61e0 00000037
IDT=     000f621e 00000000
CR0=00000011 CR2=00000000 CR3=00000000 CR4=00000000
DR0=0000000000000000 DR1=0000000000000000 DR2=0000000000000000 DR3=0000000000000000 
DR6=00000000ffff0ff0 DR7=0000000000000400
CCS=00000044 CCD=00000000 CCO=EFLAGS
EFER=0000000000000000
SMM: enter
EAX=000000b5 EBX=00007e28 ECX=00005678 EDX=06fe8c00
ESI=000e8440 EDI=06ffeca6 EBP=00006c74 ESP=00006c74
EIP=000f7e25 EFL=00000016 [----AP-] CPL=0 II=0 A20=1 SMM=0 HLT=0
ES =0010 00000000 ffffffff 00c09300 DPL=0 DS   [-WA]
CS =0008 00000000 ffffffff 00c09b00 DPL=0 CS32 [-RA]
SS =0010 00000000 ffffffff 00c09300 DPL=0 DS   [-WA]
DS =0010 00000000 ffffffff 00c09300 DPL=0 DS   [-WA]
FS =0010 00000000 ffffffff 00c09300 DPL=0 DS   [-WA]
GS =0010 00000000 ffffffff 00c09300 DPL=0 DS   [-WA]
LDT=0000 00000000 0000ffff 00008200 DPL=0 LDT
TR =0000 00000000 0000ffff 00008b00 DPL=0 TSS32-busy
GDT=     000f61e0 00000037
IDT=     000f621e 00000000
CR0=00000011 CR2=00000000 CR3=00000000 CR4=00000000
DR0=0000000000000000 DR1=0000000000000000 DR2=0000000000000000 DR3=0000000000000000 
DR6=00000000ffff0ff0 DR7=0000000000000400
CCS=00000008 CCD=00006c60 CCO=ADDL
EFER=0000000000000000
SMM: after RSM
EAX=000000b5 EBX=00007e28 ECX=00005678 EDX=06fe8c00
ESI=000e8440 EDI=06ffeca6 EBP=00006c74 ESP=00006c74
EIP=00007e28 EFL=00000006 [-----P-] CPL=0 II=0 A20=1 SMM=0 HLT=0
ES =d900 000d9000 ffffffff 00809300
CS =f000 000f0000 ffffffff 00809b00
SS =0000 00000000 ffffffff 00809300
DS =0000 00000000 ffffffff 00809300
FS =0000 00000000 ffffffff 00809300
GS =0000 00000000 ffffffff 00809300
LDT=0000 00000000 0000ffff 00008200
TR =0000 00000000 0000ffff 00008b00
GDT=     00000000 00000000
IDT=     00000000 000003ff
CR0=00000010 CR2=00000000 CR3=00000000 CR4=00000000
DR0=0000000000000000 DR1=0000000000000000 DR2=0000000000000000 DR3=0000000000000000 
DR6=00000000ffff0ff0 DR7=0000000000000400
CCS=00000004 CCD=00000001 CCO=EFLAGS
EFER=0000000000000000
SMM: enter
EAX=000000b5 EBX=000f7e0e ECX=00001234 EDX=000069ff
ESI=00006996 EDI=06ffeca6 EBP=00006956 ESP=00006956
EIP=00007e0b EFL=00000006 [-----P-] CPL=0 II=0 A20=1 SMM=0 HLT=0
ES =d900 000d9000 ffffffff 008f9300
CS =f000 000f0000 ffffffff 008f9b00
SS =0000 00000000 ffffffff 008f9300
DS =0000 00000000 ffffffff 008f9300
FS =0000 00000000 ffffffff 008f9300
GS =ca00 000ca000 ffffffff 008f9300
LDT=0000 00000000 0000ffff 00008200
TR =0000 00000000 0000ffff 00008b00
GDT=     00000000 00000000
IDT=     00000000 000003ff
CR0=00000010 CR2=00000000 CR3=00000000 CR4=00000000
DR0=0000000000000000 DR1=0000000000000000 DR2=0000000000000000 DR3=0000000000000000 
DR6=00000000ffff0ff0 DR7=0000000000000400
CCS=00000000 CCD=00006956 CCO=ADDL
EFER=0000000000000000
SMM: after RSM
EAX=000000b5 EBX=000f7e0e ECX=00001234 EDX=000069ff
ESI=00006996 EDI=06ffeca6 EBP=00006956 ESP=00006956
EIP=000f7e0e EFL=00000046 [---Z-P-] CPL=0 II=0 A20=1 SMM=0 HLT=0
ES =0010 00000000 ffffffff 00c09300 DPL=0 DS   [-WA]
CS =0008 00000000 ffffffff 00c09b00 DPL=0 CS32 [-RA]
SS =0010 00000000 ffffffff 00c09300 DPL=0 DS   [-WA]
DS =0010 00000000 ffffffff 00c09300 DPL=0 DS   [-WA]
FS =0010 00000000 ffffffff 00c09300 DPL=0 DS   [-WA]
GS =0010 00000000 ffffffff 00c09300 DPL=0 DS   [-WA]
LDT=0000 00000000 0000ffff 00008200 DPL=0 LDT
TR =0000 00000000 0000ffff 00008b00 DPL=0 TSS32-busy
GDT=     000f61e0 00000037
IDT=     000f621e 00000000
CR0=00000011 CR2=00000000 CR3=00000000 CR4=00000000
DR0=0000000000000000 DR1=0000000000000000 DR2=0000000000000000 DR3=0000000000000000 
DR6=00000000ffff0ff0 DR7=0000000000000400
CCS=00000044 CCD=00000000 CCO=EFLAGS
EFER=0000000000000000
SMM: enter
EAX=000000b5 EBX=00007e28 ECX=00005678 EDX=00000005
ESI=00000000 EDI=06ffeca6 EBP=00006956 ESP=00006956
EIP=000f7e25 EFL=00000016 [----AP-] CPL=0 II=0 A20=1 SMM=0 HLT=0
ES =0010 00000000 ffffffff 00c09300 DPL=0 DS   [-WA]
CS =0008 00000000 ffffffff 00c09b00 DPL=0 CS32 [-RA]
SS =0010 00000000 ffffffff 00c09300 DPL=0 DS   [-WA]
DS =0010 00000000 ffffffff 00c09300 DPL=0 DS   [-WA]
FS =0010 00000000 ffffffff 00c09300 DPL=0 DS   [-WA]
GS =0010 00000000 ffffffff 00c09300 DPL=0 DS   [-WA]
LDT=0000 00000000 0000ffff 00008200 DPL=0 LDT
TR =0000 00000000 0000ffff 00008b00 DPL=0 TSS32-busy
GDT=     000f61e0 00000037
IDT=     000f621e 00000000
CR0=00000011 CR2=00000000 CR3=00000000 CR4=00000000
DR0=0000000000000000 DR1=0000000000000000 DR2=0000000000000000 DR3=0000000000000000 
DR6=00000000ffff0ff0 DR7=0000000000000400
CCS=00000008 CCD=00006942 CCO=ADDL
EFER=0000000000000000
SMM: after RSM
EAX=000000b5 EBX=00007e28 ECX=00005678 EDX=00000005
ESI=00000000 EDI=06ffeca6 EBP=00006956 ESP=00006956
EIP=00007e28 EFL=00000006 [-----P-] CPL=0 II=0 A20=1 SMM=0 HLT=0
ES =d900 000d9000 ffffffff 00809300
CS =f000 000f0000 ffffffff 00809b00
SS =0000 00000000 ffffffff 00809300
DS =0000 00000000 ffffffff 00809300
FS =0000 00000000 ffffffff 00809300
GS =ca00 000ca000 ffffffff 00809300
LDT=0000 00000000 0000ffff 00008200
TR =0000 00000000 0000ffff 00008b00
GDT=     00000000 00000000
IDT=     00000000 000003ff
CR0=00000010 CR2=00000000 CR3=00000000 CR4=00000000
DR0=0000000000000000 DR1=0000000000000000 DR2=0000000000000000 DR3=0000000000000000 
DR6=00000000ffff0ff0 DR7=0000000000000400
CCS=00000004 CCD=00000001 CCO=EFLAGS
EFER=0000000000000000
SMM: enter
EAX=000000b5 EBX=000f7e0e ECX=00001234 EDX=000069ff
ESI=00006990 EDI=06ffeca6 EBP=00006950 ESP=00006950
EIP=00007e0b EFL=00000006 [-----P-] CPL=0 II=0 A20=1 SMM=0 HLT=0
ES =d900 000d9000 ffffffff 00809300
CS =f000 000f0000 ffffffff 00809b00
SS =0000 00000000 ffffffff 00809300
DS =0000 00000000 ffffffff 00809300
FS =0000 00000000 ffffffff 00809300
GS =ca00 000ca000 ffffffff 00809300
LDT=0000 00000000 0000ffff 00008200
TR =0000 00000000 0000ffff 00008b00
GDT=     00000000 00000000
IDT=     00000000 000003ff
CR0=00000010 CR2=00000000 CR3=00000000 CR4=00000000
DR0=0000000000000000 DR1=0000000000000000 DR2=0000000000000000 DR3=0000000000000000 
DR6=00000000ffff0ff0 DR7=0000000000000400
CCS=00000000 CCD=00006950 CCO=ADDL
EFER=0000000000000000
SMM: after RSM
EAX=000000b5 EBX=000f7e0e ECX=00001234 EDX=000069ff
ESI=00006990 EDI=06ffeca6 EBP=00006950 ESP=00006950
EIP=000f7e0e EFL=00000046 [---Z-P-] CPL=0 II=0 A20=1 SMM=0 HLT=0
ES =0010 00000000 ffffffff 00c09300 DPL=0 DS   [-WA]
CS =0008 00000000 ffffffff 00c09b00 DPL=0 CS32 [-RA]
SS =0010 00000000 ffffffff 00c09300 DPL=0 DS   [-WA]
DS =0010 00000000 ffffffff 00c09300 DPL=0 DS   [-WA]
FS =0010 00000000 ffffffff 00c09300 DPL=0 DS   [-WA]
GS =0010 00000000 ffffffff 00c09300 DPL=0 DS   [-WA]
LDT=0000 00000000 0000ffff 00008200 DPL=0 LDT
TR =0000 00000000 0000ffff 00008b00 DPL=0 TSS32-busy
GDT=     000f61e0 00000037
IDT=     000f621e 00000000
CR0=00000011 CR2=00000000 CR3=00000000 CR4=00000000
DR0=0000000000000000 DR1=0000000000000000 DR2=0000000000000000 DR3=0000000000000000 
DR6=00000000ffff0ff0 DR7=0000000000000400
CCS=00000044 CCD=00000000 CCO=EFLAGS
EFER=0000000000000000
SMM: enter
EAX=000000b5 EBX=00007e28 ECX=00005678 EDX=00000003
ESI=06fd1030 EDI=06ffeca6 EBP=00006950 ESP=00006950
EIP=000f7e25 EFL=00000006 [-----P-] CPL=0 II=0 A20=1 SMM=0 HLT=0
ES =0010 00000000 ffffffff 00c09300 DPL=0 DS   [-WA]
CS =0008 00000000 ffffffff 00c09b00 DPL=0 CS32 [-RA]
SS =0010 00000000 ffffffff 00c09300 DPL=0 DS   [-WA]
DS =0010 00000000 ffffffff 00c09300 DPL=0 DS   [-WA]
FS =0010 00000000 ffffffff 00c09300 DPL=0 DS   [-WA]
GS =0010 00000000 ffffffff 00c09300 DPL=0 DS   [-WA]
LDT=0000 00000000 0000ffff 00008200 DPL=0 LDT
TR =0000 00000000 0000ffff 00008b00 DPL=0 TSS32-busy
GDT=     000f61e0 00000037
IDT=     000f621e 00000000
CR0=00000011 CR2=00000000 CR3=00000000 CR4=00000000
DR0=0000000000000000 DR1=0000000000000000 DR2=0000000000000000 DR3=0000000000000000 
DR6=00000000ffff0ff0 DR7=0000000000000400
CCS=00000008 CCD=0000693c CCO=ADDL
EFER=0000000000000000
SMM: after RSM
EAX=000000b5 EBX=00007e28 ECX=00005678 EDX=00000003
ESI=06fd1030 EDI=06ffeca6 EBP=00006950 ESP=00006950
EIP=00007e28 EFL=00000006 [-----P-] CPL=0 II=0 A20=1 SMM=0 HLT=0
ES =d900 000d9000 ffffffff 00809300
CS =f000 000f0000 ffffffff 00809b00
SS =0000 00000000 ffffffff 00809300
DS =0000 00000000 ffffffff 00809300
FS =0000 00000000 ffffffff 00809300
GS =ca00 000ca000 ffffffff 00809300
LDT=0000 00000000 0000ffff 00008200
TR =0000 00000000 0000ffff 00008b00
GDT=     00000000 00000000
IDT=     00000000 000003ff
CR0=00000010 CR2=00000000 CR3=00000000 CR4=00000000
DR0=0000000000000000 DR1=0000000000000000 DR2=0000000000000000 DR3=0000000000000000 
DR6=00000000ffff0ff0 DR7=0000000000000400
CCS=00000004 CCD=00000001 CCO=EFLAGS
EFER=0000000000000000
SMM: enter
EAX=000000b5 EBX=000f7e0e ECX=00001234 EDX=000069ff
ESI=00006996 EDI=06ffeca6 EBP=00006956 ESP=00006956
EIP=00007e0b EFL=00000006 [-----P-] CPL=0 II=0 A20=1 SMM=0 HLT=0
ES =d900 000d9000 ffffffff 00809300
CS =f000 000f0000 ffffffff 00809b00
SS =0000 00000000 ffffffff 00809300
DS =0000 00000000 ffffffff 00809300
FS =0000 00000000 ffffffff 00809300
GS =ca00 000ca000 ffffffff 00809300
LDT=0000 00000000 0000ffff 00008200
TR =0000 00000000 0000ffff 00008b00
GDT=     00000000 00000000
IDT=     00000000 000003ff
CR0=00000010 CR2=00000000 CR3=00000000 CR4=00000000
DR0=0000000000000000 DR1=0000000000000000 DR2=0000000000000000 DR3=0000000000000000 
DR6=00000000ffff0ff0 DR7=0000000000000400
CCS=00000000 CCD=00006956 CCO=ADDL
EFER=0000000000000000
SMM: after RSM
EAX=000000b5 EBX=000f7e0e ECX=00001234 EDX=000069ff
ESI=00006996 EDI=06ffeca6 EBP=00006956 ESP=00006956
EIP=000f7e0e EFL=00000046 [---Z-P-] CPL=0 II=0 A20=1 SMM=0 HLT=0
ES =0010 00000000 ffffffff 00c09300 DPL=0 DS   [-WA]
CS =0008 00000000 ffffffff 00c09b00 DPL=0 CS32 [-RA]
SS =0010 00000000 ffffffff 00c09300 DPL=0 DS   [-WA]
DS =0010 00000000 ffffffff 00c09300 DPL=0 DS   [-WA]
FS =0010 00000000 ffffffff 00c09300 DPL=0 DS   [-WA]
GS =0010 00000000 ffffffff 00c09300 DPL=0 DS   [-WA]
LDT=0000 00000000 0000ffff 00008200 DPL=0 LDT
TR =0000 00000000 0000ffff 00008b00 DPL=0 TSS32-busy
GDT=     000f61e0 00000037
IDT=     000f621e 00000000
CR0=00000011 CR2=00000000 CR3=00000000 CR4=00000000
DR0=0000000000000000 DR1=0000000000000000 DR2=0000000000000000 DR3=0000000000000000 
DR6=00000000ffff0ff0 DR7=0000000000000400
CCS=00000044 CCD=00000000 CCO=EFLAGS
EFER=0000000000000000
SMM: enter
EAX=000000b5 EBX=00007e28 ECX=00005678 EDX=00000005
ESI=00000000 EDI=06ffeca6 EBP=00006956 ESP=00006956
EIP=000f7e25 EFL=00000016 [----AP-] CPL=0 II=0 A20=1 SMM=0 HLT=0
ES =0010 00000000 ffffffff 00c09300 DPL=0 DS   [-WA]
CS =0008 00000000 ffffffff 00c09b00 DPL=0 CS32 [-RA]
SS =0010 00000000 ffffffff 00c09300 DPL=0 DS   [-WA]
DS =0010 00000000 ffffffff 00c09300 DPL=0 DS   [-WA]
FS =0010 00000000 ffffffff 00c09300 DPL=0 DS   [-WA]
GS =0010 00000000 ffffffff 00c09300 DPL=0 DS   [-WA]
LDT=0000 00000000 0000ffff 00008200 DPL=0 LDT
TR =0000 00000000 0000ffff 00008b00 DPL=0 TSS32-busy
GDT=     000f61e0 00000037
IDT=     000f621e 00000000
CR0=00000011 CR2=00000000 CR3=00000000 CR4=00000000
DR0=0000000000000000 DR1=0000000000000000 DR2=0000000000000000 DR3=0000000000000000 
DR6=00000000ffff0ff0 DR7=0000000000000400
CCS=00000008 CCD=00006942 CCO=ADDL
EFER=0000000000000000
SMM: after RSM
EAX=000000b5 EBX=00007e28 ECX=00005678 EDX=00000005
ESI=00000000 EDI=06ffeca6 EBP=00006956 ESP=00006956
EIP=00007e28 EFL=00000006 [-----P-] CPL=0 II=0 A20=1 SMM=0 HLT=0
ES =d900 000d9000 ffffffff 00809300
CS =f000 000f0000 ffffffff 00809b00
SS =0000 00000000 ffffffff 00809300
DS =0000 00000000 ffffffff 00809300
FS =0000 00000000 ffffffff 00809300
GS =ca00 000ca000 ffffffff 00809300
LDT=0000 00000000 0000ffff 00008200
TR =0000 00000000 0000ffff 00008b00
GDT=     00000000 00000000
IDT=     00000000 000003ff
CR0=00000010 CR2=00000000 CR3=00000000 CR4=00000000
DR0=0000000000000000 DR1=0000000000000000 DR2=0000000000000000 DR3=0000000000000000 
DR6=00000000ffff0ff0 DR7=0000000000000400
CCS=00000004 CCD=00000001 CCO=EFLAGS
EFER=0000000000000000
SMM: enter
EAX=000000b5 EBX=000f7e0e ECX=00001234 EDX=000069ff
ESI=00006990 EDI=06ffeca6 EBP=00006950 ESP=00006950
EIP=00007e0b EFL=00000006 [-----P-] CPL=0 II=0 A20=1 SMM=0 HLT=0
ES =d900 000d9000 ffffffff 00809300
CS =f000 000f0000 ffffffff 00809b00
SS =0000 00000000 ffffffff 00809300
DS =0000 00000000 ffffffff 00809300
FS =0000 00000000 ffffffff 00809300
GS =ca00 000ca000 ffffffff 00809300
LDT=0000 00000000 0000ffff 00008200
TR =0000 00000000 0000ffff 00008b00
GDT=     00000000 00000000
IDT=     00000000 000003ff
CR0=00000010 CR2=00000000 CR3=00000000 CR4=00000000
DR0=0000000000000000 DR1=0000000000000000 DR2=0000000000000000 DR3=0000000000000000 
DR6=00000000ffff0ff0 DR7=0000000000000400
CCS=00000000 CCD=00006950 CCO=ADDL
EFER=0000000000000000
SMM: after RSM
EAX=000000b5 EBX=000f7e0e ECX=00001234 EDX=000069ff
ESI=00006990 EDI=06ffeca6 EBP=00006950 ESP=00006950
EIP=000f7e0e EFL=00000046 [---Z-P-] CPL=0 II=0 A20=1 SMM=0 HLT=0
ES =0010 00000000 ffffffff 00c09300 DPL=0 DS   [-WA]
CS =0008 00000000 ffffffff 00c09b00 DPL=0 CS32 [-RA]
SS =0010 00000000 ffffffff 00c09300 DPL=0 DS   [-WA]
DS =0010 00000000 ffffffff 00c09300 DPL=0 DS   [-WA]
FS =0010 00000000 ffffffff 00c09300 DPL=0 DS   [-WA]
GS =0010 00000000 ffffffff 00c09300 DPL=0 DS   [-WA]
LDT=0000 00000000 0000ffff 00008200 DPL=0 LDT
TR =0000 00000000 0000ffff 00008b00 DPL=0 TSS32-busy
GDT=     000f61e0 00000037
IDT=     000f621e 00000000
CR0=00000011 CR2=00000000 CR3=00000000 CR4=00000000
DR0=0000000000000000 DR1=0000000000000000 DR2=0000000000000000 DR3=0000000000000000 
DR6=00000000ffff0ff0 DR7=0000000000000400
CCS=00000044 CCD=00000000 CCO=EFLAGS
EFER=0000000000000000
SMM: enter
EAX=000000b5 EBX=00007e28 ECX=00005678 EDX=00000003
ESI=06f31030 EDI=06ffeca6 EBP=00006950 ESP=00006950
EIP=000f7e25 EFL=00000006 [-----P-] CPL=0 II=0 A20=1 SMM=0 HLT=0
ES =0010 00000000 ffffffff 00c09300 DPL=0 DS   [-WA]
CS =0008 00000000 ffffffff 00c09b00 DPL=0 CS32 [-RA]
SS =0010 00000000 ffffffff 00c09300 DPL=0 DS   [-WA]
DS =0010 00000000 ffffffff 00c09300 DPL=0 DS   [-WA]
FS =0010 00000000 ffffffff 00c09300 DPL=0 DS   [-WA]
GS =0010 00000000 ffffffff 00c09300 DPL=0 DS   [-WA]
LDT=0000 00000000 0000ffff 00008200 DPL=0 LDT
TR =0000 00000000 0000ffff 00008b00 DPL=0 TSS32-busy
GDT=     000f61e0 00000037
IDT=     000f621e 00000000
CR0=00000011 CR2=00000000 CR3=00000000 CR4=00000000
DR0=0000000000000000 DR1=0000000000000000 DR2=0000000000000000 DR3=0000000000000000 
DR6=00000000ffff0ff0 DR7=0000000000000400
CCS=00000008 CCD=0000693c CCO=ADDL
EFER=0000000000000000
SMM: after RSM
EAX=000000b5 EBX=00007e28 ECX=00005678 EDX=00000003
ESI=06f31030 EDI=06ffeca6 EBP=00006950 ESP=00006950
EIP=00007e28 EFL=00000006 [-----P-] CPL=0 II=0 A20=1 SMM=0 HLT=0
ES =d900 000d9000 ffffffff 00809300
CS =f000 000f0000 ffffffff 00809b00
SS =0000 00000000 ffffffff 00809300
DS =0000 00000000 ffffffff 00809300
FS =0000 00000000 ffffffff 00809300
GS =ca00 000ca000 ffffffff 00809300
LDT=0000 00000000 0000ffff 00008200
TR =0000 00000000 0000ffff 00008b00
GDT=     00000000 00000000
IDT=     00000000 000003ff
CR0=00000010 CR2=00000000 CR3=00000000 CR4=00000000
DR0=0000000000000000 DR1=0000000000000000 DR2=0000000000000000 DR3=0000000000000000 
DR6=00000000ffff0ff0 DR7=0000000000000400
CCS=00000004 CCD=00000001 CCO=EFLAGS
EFER=0000000000000000
Servicing hardware INT=0x20
     0: v=20 e=0000 i=0 cpl=0 IP=0008:0000000000200b96 pc=0000000000200b96 SP=0010:00000000002fffc8 env->regs[R_EAX]=000000000000002e
RAX=000000000000002e RBX=0000000000009500 RCX=000000000000002e RDX=00000000000003f8
RSI=0000000000000025 RDI=0000000000000a00 RBP=0000000000000000 RSP=00000000002fffc8
R8 =000000000000072e R9 =0000000000000001 R10=8080808080808080 R11=0000000000000038
R12=0000000000c4ce4c R13=0000000000000000 R14=0000000000000043 R15=0000000000000000
RIP=0000000000200b96 RFL=00000246 [---Z-P-] CPL=0 II=0 A20=1 SMM=0 HLT=0
ES =0010 0000000000000000 ffffffff 00cf9300 DPL=0 DS   [-WA]
CS =0008 0000000000000000 ffffffff 00af9b00 DPL=0 CS64 [-RA]
SS =0010 0000000000000000 ffffffff 00cf9300 DPL=0 DS   [-WA]
DS =0010 0000000000000000 ffffffff 00cf9300 DPL=0 DS   [-WA]
FS =0010 0000000000000000 ffffffff 00cf9300 DPL=0 DS   [-WA]
GS =0010 0000000000000000 ffffffff 00cf9300 DPL=0 DS   [-WA]
LDT=0000 0000000000000000 0000ffff 00008200 DPL=0 LDT
TR =0028 000000000020d5b8 00000067 00008900 DPL=0 TSS64-avl
GDT=     000000000020d578 0000003f
IDT=     000000000020d620 0000020f
CR0=80000011 CR2=0000000000000000 CR3=0000000000102000 CR4=00000020
DR0=0000000000000000 DR1=0000000000000000 DR2=0000000000000000 DR3=0000000000000000 
DR6=00000000ffff0ff0 DR7=0000000000000400
CCS=0000000000000000 CCD=0000000000000000 CCO=SUBQ
EFER=0000000000000501
Servicing hardware INT=0x20
     1: v=20 e=0000 i=0 cpl=0 IP=0008:0000000000200ba1 pc=0000000000200ba1 SP=0010:00000000002fffc8 env->regs[R_EAX]=000000000000002e
RAX=000000000000002e RBX=0000000000009500 RCX=000000000000002e RDX=00000000000003f8
RSI=0000000000000025 RDI=0000000000000a00 RBP=0000000000000000 RSP=00000000002fffc8
R8 =000000000000072e R9 =0000000000000001 R10=8080808080808080 R11=0000000000000038
R12=0000000000c4ce4c R13=0000000000000000 R14=0000000000000043 R15=0000000000000000
RIP=0000000000200ba1 RFL=00000246 [---Z-P-] CPL=0 II=0 A20=1 SMM=0 HLT=0
ES =0010 0000000000000000 ffffffff 00cf9300 DPL=0 DS   [-WA]
CS =0008 0000000000000000 ffffffff 00af9b00 DPL=0 CS64 [-RA]
SS =0010 0000000000000000 ffffffff 00cf9300 DPL=0 DS   [-WA]
DS =0010 0000000000000000 ffffffff 00cf9300 DPL=0 DS   [-WA]
FS =0010 0000000000000000 ffffffff 00cf9300 DPL=0 DS   [-WA]
GS =0010 0000000000000000 ffffffff 00cf9300 DPL=0 DS   [-WA]
LDT=0000 0000000000000000 0000ffff 00008200 DPL=0 LDT
TR =0028 000000000020d5b8 00000067 00008900 DPL=0 TSS64-avl
GDT=     000000000020d578 0000003f
IDT=     000000000020d620 0000020f
CR0=80000011 CR2=0000000000000000 CR3=0000000000102000 CR4=00000020
DR0=0000000000000000 DR1=0000000000000000 DR2=0000000000000000 DR3=0000000000000000 
DR6=00000000ffff0ff0 DR7=0000000000000400
CCS=0000000000000044 CCD=0000000000000001 CCO=EFLAGS
EFER=0000000000000501
Servicing hardware INT=0x20
     2: v=20 e=0000 i=0 cpl=0 IP=0008:0000000000200d31 pc=0000000000200d31 SP=0010:00000000002fffc8 env->regs[R_EAX]=0000000000000002
RAX=0000000000000002 RBX=0000000000009500 RCX=0000000000000029 RDX=00000000000003f8
RSI=000000000000001a RDI=0000000000000a00 RBP=0000000000000000 RSP=00000000002fffc8
R8 =0000000000000729 R9 =0000000000000001 R10=8080808080808080 R11=0000000000000038
R12=0000000000c4ce4c R13=0000000000000000 R14=0000000000000043 R15=0000000000000000
RIP=0000000000200d31 RFL=00000202 [-------] CPL=0 II=0 A20=1 SMM=0 HLT=0
ES =0010 0000000000000000 ffffffff 00cf9300 DPL=0 DS   [-WA]
CS =0008 0000000000000000 ffffffff 00af9b00 DPL=0 CS64 [-RA]
SS =0010 0000000000000000 ffffffff 00cf9300 DPL=0 DS   [-WA]
DS =0010 0000000000000000 ffffffff 00cf9300 DPL=0 DS   [-WA]
FS =0010 0000000000000000 ffffffff 00cf9300 DPL=0 DS   [-WA]
GS =0010 0000000000000000 ffffffff 00cf9300 DPL=0 DS   [-WA]
LDT=0000 0000000000000000 0000ffff 00008200 DPL=0 LDT
TR =0028 000000000020d5b8 00000067 00008900 DPL=0 TSS64-avl
GDT=     000000000020d578 0000003f
IDT=     000000000020d620 0000020f
CR0=80000011 CR2=0000000000000000 CR3=0000000000102000 CR4=00000020
DR0=0000000000000000 DR1=0000000000000000 DR2=0000000000000000 DR3=0000000000000000 
DR6=00000000ffff0ff0 DR7=0000000000000400
CCS=0000000000000000 CCD=0000000000000020 CCO=EFLAGS
EFER=0000000000000501
Servicing hardware INT=0x20
     3: v=20 e=0000 i=0 cpl=0 IP=0008:0000000000200d31 pc=0000000000200d31 SP=0010:00000000002fffc8 env->regs[R_EAX]=0000000000000002
RAX=0000000000000002 RBX=0000000000009500 RCX=0000000000000001 RDX=00000000000003f8
RSI=000000000000001a RDI=0000000000000a00 RBP=0000000000000000 RSP=00000000002fffc8
R8 =0000000000000729 R9 =0000000000000001 R10=8080808080808080 R11=0000000000000038
R12=0000000000c4ce4c R13=0000000000000000 R14=0000000000000043 R15=0000000000000000
RIP=0000000000200d31 RFL=00000293 [--S-A-C] CPL=0 II=0 A20=1 SMM=0 HLT=0
ES =0010 0000000000000000 ffffffff 00cf9300 DPL=0 DS   [-WA]
CS =0008 0000000000000000 ffffffff 00af9b00 DPL=0 CS64 [-RA]
SS =0010 0000000000000000 ffffffff 00cf9300 DPL=0 DS   [-WA]
DS =0010 0000000000000000 ffffffff 00cf9300 DPL=0 DS   [-WA]
FS =0010 0000000000000000 ffffffff 00cf9300 DPL=0 DS   [-WA]
GS =0010 0000000000000000 ffffffff 00cf9300 DPL=0 DS   [-WA]
LDT=0000 0000000000000000 0000ffff 00008200 DPL=0 LDT
TR =0028 000000000020d5b8 00000067 00008900 DPL=0 TSS64-avl
GDT=     000000000020d578 0000003f
IDT=     000000000020d620 0000020f
CR0=80000011 CR2=0000000000000000 CR3=0000000000102000 CR4=00000020
DR0=0000000000000000 DR1=0000000000000000 DR2=0000000000000000 DR3=0000000000000000 
DR6=00000000ffff0ff0 DR7=0000000000000400
CCS=0000000000000091 CCD=ffffffffffffff9d CCO=EFLAGS
EFER=0000000000000501
Servicing hardware INT=0x20
     4: v=20 e=0000 i=0 cpl=0 IP=0008:0000000000200d31 pc=0000000000200d31 SP=0010:00000000002fffc8 env->regs[R_EAX]=0000000000000002
RAX=0000000000000002 RBX=0000000000009500 RCX=0000000000000002 RDX=00000000000003f8
RSI=000000000000001a RDI=0000000000000a00 RBP=0000000000000000 RSP=00000000002fffc8
R8 =0000000000000729 R9 =0000000000000001 R10=8080808080808080 R11=0000000000000038
R12=0000000000c4ce4c R13=0000000000000000 R14=0000000000000043 R15=0000000000000000
RIP=0000000000200d31 RFL=00000293 [--S-A-C] CPL=0 II=0 A20=1 SMM=0 HLT=0
ES =0010 0000000000000000 ffffffff 00cf9300 DPL=0 DS   [-WA]
CS =0008 0000000000000000 ffffffff 00af9b00 DPL=0 CS64 [-RA]
SS =0010 0000000000000000 ffffffff 00cf9300 DPL=0 DS   [-WA]
DS =0010 0000000000000000 ffffffff 00cf9300 DPL=0 DS   [-WA]
FS =0010 0000000000000000 ffffffff 00cf9300 DPL=0 DS   [-WA]
GS =0010 0000000000000000 ffffffff 00cf9300 DPL=0 DS   [-WA]
LDT=0000 0000000000000000 0000ffff 00008200 DPL=0 LDT
TR =0028 000000000020d5b8 00000067 00008900 DPL=0 TSS64-avl
GDT=     000000000020d578 0000003f
IDT=     000000000020d620 0000020f
CR0=80000011 CR2=0000000000000000 CR3=0000000000102000 CR4=00000020
DR0=0000000000000000 DR1=0000000000000000 DR2=0000000000000000 DR3=0000000000000000 
DR6=00000000ffff0ff0 DR7=0000000000000400
CCS=0000000000000091 CCD=ffffffffffffff9e CCO=EFLAGS
EFER=0000000000000501
Servicing hardware INT=0x20
     5: v=20 e=0000 i=0 cpl=0 IP=0008:0000000000200d31 pc=0000000000200d31 SP=0010:00000000002fffc8 env->regs[R_EAX]=0000000000000002
RAX=0000000000000002 RBX=0000000000009500 RCX=0000000000000003 RDX=00000000000003f8
RSI=000000000000001a RDI=0000000000000a00 RBP=0000000000000000 RSP=00000000002fffc8
R8 =0000000000000729 R9 =0000000000000001 R10=8080808080808080 R11=0000000000000038
R12=0000000000c4ce4c R13=0000000000000000 R14=0000000000000043 R15=0000000000000000
RIP=0000000000200d31 RFL=00000297 [--S-APC] CPL=0 II=0 A20=1 SMM=0 HLT=0
ES =0010 0000000000000000 ffffffff 00cf9300 DPL=0 DS   [-WA]
CS =0008 0000000000000000 ffffffff 00af9b00 DPL=0 CS64 [-RA]
SS =0010 0000000000000000 ffffffff 00cf9300 DPL=0 DS   [-WA]
DS =0010 0000000000000000 ffffffff 00cf9300 DPL=0 DS   [-WA]
FS =0010 0000000000000000 ffffffff 00cf9300 DPL=0 DS   [-WA]
GS =0010 0000000000000000 ffffffff 00cf9300 DPL=0 DS   [-WA]
LDT=0000 0000000000000000 0000ffff 00008200 DPL=0 LDT
TR =0028 000000000020d5b8 00000067 00008900 DPL=0 TSS64-avl
GDT=     000000000020d578 0000003f
IDT=     000000000020d620 0000020f
CR0=80000011 CR2=0000000000000000 CR3=0000000000102000 CR4=00000020
DR0=0000000000000000 DR1=0000000000000000 DR2=0000000000000000 DR3=0000000000000000 
DR6=00000000ffff0ff0 DR7=0000000000000400
CCS=0000000000000095 CCD=ffffffffffffff9f CCO=EFLAGS
EFER=0000000000000501
Servicing hardware INT=0x20
     6: v=20 e=0000 i=0 cpl=0 IP=0008:0000000000200d31 pc=0000000000200d31 SP=0010:00000000002fffc8 env->regs[R_EAX]=0000000000000002
RAX=0000000000000002 RBX=0000000000009500 RCX=0000000000000004 RDX=00000000000003f8
RSI=000000000000001a RDI=0000000000000a00 RBP=0000000000000000 RSP=00000000002fffc8
R8 =0000000000000729 R9 =0000000000000001 R10=8080808080808080 R11=0000000000000038
R12=0000000000c4ce4c R13=0000000000000000 R14=0000000000000043 R15=0000000000000000
RIP=0000000000200d31 RFL=00000287 [--S--PC] CPL=0 II=0 A20=1 SMM=0 HLT=0
ES =0010 0000000000000000 ffffffff 00cf9300 DPL=0 DS   [-WA]
CS =0008 0000000000000000 ffffffff 00af9b00 DPL=0 CS64 [-RA]
SS =0010 0000000000000000 ffffffff 00cf9300 DPL=0 DS   [-WA]
DS =0010 0000000000000000 ffffffff 00cf9300 DPL=0 DS   [-WA]
FS =0010 0000000000000000 ffffffff 00cf9300 DPL=0 DS   [-WA]
GS =0010 0000000000000000 ffffffff 00cf9300 DPL=0 DS   [-WA]
LDT=0000 0000000000000000 0000ffff 00008200 DPL=0 LDT
TR =0028 000000000020d5b8 00000067 00008900 DPL=0 TSS64-avl
GDT=     000000000020d578 0000003f
IDT=     000000000020d620 0000020f
CR0=80000011 CR2=0000000000000000 CR3=0000000000102000 CR4=00000020
DR0=0000000000000000 DR1=0000000000000000 DR2=0000000000000000 DR3=0000000000000000 
DR6=00000000ffff0ff0 DR7=0000000000000400
CCS=0000000000000085 CCD=ffffffffffffffa0 CCO=EFLAGS
EFER=0000000000000501
Servicing hardware INT=0x20
     7: v=20 e=0000 i=0 cpl=0 IP=0008:0000000000200d31 pc=0000000000200d31 SP=0010:00000000002fffc8 env->regs[R_EAX]=0000000000000002
RAX=0000000000000002 RBX=0000000000009500 RCX=0000000000000005 RDX=00000000000003f8
RSI=000000000000001a RDI=0000000000000a00 RBP=0000000000000000 RSP=00000000002fffc8
R8 =0000000000000729 R9 =0000000000000001 R10=8080808080808080 R11=0000000000000038
R12=0000000000c4ce4c R13=0000000000000000 R14=0000000000000043 R15=0000000000000000
RIP=0000000000200d31 RFL=00000283 [--S---C] CPL=0 II=0 A20=1 SMM=0 HLT=0
ES =0010 0000000000000000 ffffffff 00cf9300 DPL=0 DS   [-WA]
CS =0008 0000000000000000 ffffffff 00af9b00 DPL=0 CS64 [-RA]
SS =0010 0000000000000000 ffffffff 00cf9300 DPL=0 DS   [-WA]
DS =0010 0000000000000000 ffffffff 00cf9300 DPL=0 DS   [-WA]
FS =0010 0000000000000000 ffffffff 00cf9300 DPL=0 DS   [-WA]
GS =0010 0000000000000000 ffffffff 00cf9300 DPL=0 DS   [-WA]
LDT=0000 0000000000000000 0000ffff 00008200 DPL=0 LDT
TR =0028 000000000020d5b8 00000067 00008900 DPL=0 TSS64-avl
GDT=     000000000020d578 0000003f
IDT=     000000000020d620 0000020f
CR0=80000011 CR2=0000000000000000 CR3=0000000000102000 CR4=00000020
DR0=0000000000000000 DR1=0000000000000000 DR2=0000000000000000 DR3=0000000000000000 
DR6=00000000ffff0ff0 DR7=0000000000000400
CCS=0000000000000081 CCD=ffffffffffffffa1 CCO=EFLAGS
EFER=0000000000000501
Servicing hardware INT=0x20
     8: v=20 e=0000 i=0 cpl=0 IP=0008:0000000000200d31 pc=0000000000200d31 SP=0010:00000000002fffc8 env->regs[R_EAX]=0000000000000002
RAX=0000000000000002 RBX=0000000000009500 RCX=0000000000000006 RDX=00000000000003f8
RSI=000000000000001a RDI=0000000000000a00 RBP=0000000000000000 RSP=00000000002fffc8
R8 =0000000000000729 R9 =0000000000000001 R10=8080808080808080 R11=0000000000000038
R12=0000000000c4ce4c R13=0000000000000000 R14=0000000000000043 R15=0000000000000000
RIP=0000000000200d31 RFL=00000283 [--S---C] CPL=0 II=0 A20=1 SMM=0 HLT=0
ES =0010 0000000000000000 ffffffff 00cf9300 DPL=0 DS   [-WA]
CS =0008 0000000000000000 ffffffff 00af9b00 DPL=0 CS64 [-RA]
SS =0010 0000000000000000 ffffffff 00cf9300 DPL=0 DS   [-WA]
DS =0010 0000000000000000 ffffffff 00cf9300 DPL=0 DS   [-WA]
FS =0010 0000000000000000 ffffffff 00cf9300 DPL=0 DS   [-WA]
GS =0010 0000000000000000 ffffffff 00cf9300 DPL=0 DS   [-WA]
LDT=0000 0000000000000000 0000ffff 00008200 DPL=0 LDT
TR =0028 000000000020d5b8 00000067 00008900 DPL=0 TSS64-avl
GDT=     000000000020d578 0000003f
IDT=     000000000020d620 0000020f
CR0=80000011 CR2=0000000000000000 CR3=0000000000102000 CR4=00000020
DR0=0000000000000000 DR1=0000000000000000 DR2=0000000000000000 DR3=0000000000000000 
DR6=00000000ffff0ff0 DR7=0000000000000400
CCS=0000000000000081 CCD=ffffffffffffffa2 CCO=EFLAGS
EFER=0000000000000501
Servicing hardware INT=0x20
     9: v=20 e=0000 i=0 cpl=0 IP=0008:0000000000200d31 pc=0000000000200d31 SP=0010:00000000002fffc8 env->regs[R_EAX]=0000000000000002
RAX=0000000000000002 RBX=0000000000009500 RCX=0000000000000007 RDX=00000000000003f8
RSI=000000000000001a RDI=0000000000000a00 RBP=0000000000000000 RSP=00000000002fffc8
R8 =0000000000000729 R9 =0000000000000001 R10=8080808080808080 R11=0000000000000038
R12=0000000000c4ce4c R13=0000000000000000 R14=0000000000000043 R15=0000000000000000
RIP=0000000000200d31 RFL=00000287 [--S--PC] CPL=0 II=0 A20=1 SMM=0 HLT=0
ES =0010 0000000000000000 ffffffff 00cf9300 DPL=0 DS   [-WA]
CS =0008 0000000000000000 ffffffff 00af9b00 DPL=0 CS64 [-RA]
SS =0010 0000000000000000 ffffffff 00cf9300 DPL=0 DS   [-WA]
DS =0010 0000000000000000 ffffffff 00cf9300 DPL=0 DS   [-WA]
FS =0010 0000000000000000 ffffffff 00cf9300 DPL=0 DS   [-WA]
GS =0010 0000000000000000 ffffffff 00cf9300 DPL=0 DS   [-WA]
LDT=0000 0000000000000000 0000ffff 00008200 DPL=0 LDT
TR =0028 000000000020d5b8 00000067 00008900 DPL=0 TSS64-avl
GDT=     000000000020d578 0000003f
IDT=     000000000020d620 0000020f
CR0=80000011 CR2=0000000000000000 CR3=0000000000102000 CR4=00000020
DR0=0000000000000000 DR1=0000000000000000 DR2=0000000000000000 DR3=0000000000000000 
DR6=00000000ffff0ff0 DR7=0000000000000400
CCS=0000000000000085 CCD=ffffffffffffffa3 CCO=EFLAGS
EFER=0000000000000501
Servicing hardware INT=0x20
    10: v=20 e=0000 i=0 cpl=0 IP=0008:0000000000200d31 pc=0000000000200d31 SP=0010:00000000002fffc8 env->regs[R_EAX]=0000000000000002
RAX=0000000000000002 RBX=0000000000009500 RCX=0000000000000008 RDX=00000000000003f8
RSI=000000000000001a RDI=0000000000000a00 RBP=0000000000000000 RSP=00000000002fffc8
R8 =0000000000000729 R9 =0000000000000001 R10=8080808080808080 R11=0000000000000038
R12=0000000000c4ce4c R13=0000000000000000 R14=0000000000000043 R15=0000000000000000
RIP=0000000000200d31 RFL=00000283 [--S---C] CPL=0 II=0 A20=1 SMM=0 HLT=0
ES =0010 0000000000000000 ffffffff 00cf9300 DPL=0 DS   [-WA]
CS =0008 0000000000000000 ffffffff 00af9b00 DPL=0 CS64 [-RA]
SS =0010 0000000000000000 ffffffff 00cf9300 DPL=0 DS   [-WA]
DS =0010 0000000000000000 ffffffff 00cf9300 DPL=0 DS   [-WA]
FS =0010 0000000000000000 ffffffff 00cf9300 DPL=0 DS   [-WA]
GS =0010 0000000000000000 ffffffff 00cf9300 DPL=0 DS   [-WA]
LDT=0000 0000000000000000 0000ffff 00008200 DPL=0 LDT
TR =0028 000000000020d5b8 00000067 00008900 DPL=0 TSS64-avl
GDT=     000000000020d578 0000003f
IDT=     000000000020d620 0000020f
CR0=80000011 CR2=0000000000000000 CR3=0000000000102000 CR4=00000020
DR0=0000000000000000 DR1=0000000000000000 DR2=0000000000000000 DR3=0000000000000000 
DR6=00000000ffff0ff0 DR7=0000000000000400
CCS=0000000000000081 CCD=ffffffffffffffa4 CCO=EFLAGS
EFER=0000000000000501
Servicing hardware INT=0x20
    11: v=20 e=0000 i=0 cpl=0 IP=0008:0000000000200d31 pc=0000000000200d31 SP=0010:00000000002fffc8 env->regs[R_EAX]=0000000000000002
RAX=0000000000000002 RBX=0000000000009500 RCX=0000000000000009 RDX=00000000000003f8
RSI=000000000000001a RDI=0000000000000a00 RBP=0000000000000000 RSP=00000000002fffc8
R8 =0000000000000729 R9 =0000000000000001 R10=8080808080808080 R11=0000000000000038
R12=0000000000c4ce4c R13=0000000000000000 R14=0000000000000043 R15=0000000000000000
RIP=0000000000200d31 RFL=00000287 [--S--PC] CPL=0 II=0 A20=1 SMM=0 HLT=0
ES =0010 0000000000000000 ffffffff 00cf9300 DPL=0 DS   [-WA]
CS =0008 0000000000000000 ffffffff 00af9b00 DPL=0 CS64 [-RA]
SS =0010 0000000000000000 ffffffff 00cf9300 DPL=0 DS   [-WA]
DS =0010 0000000000000000 ffffffff 00cf9300 DPL=0 DS   [-WA]
FS =0010 0000000000000000 ffffffff 00cf9300 DPL=0 DS   [-WA]
GS =0010 0000000000000000 ffffffff 00cf9300 DPL=0 DS   [-WA]
LDT=0000 0000000000000000 0000ffff 00008200 DPL=0 LDT
TR =0028 000000000020d5b8 00000067 00008900 DPL=0 TSS64-avl
GDT=     000000000020d578 0000003f
IDT=     000000000020d620 0000020f
CR0=80000011 CR2=0000000000000000 CR3=0000000000102000 CR4=00000020
DR0=0000000000000000 DR1=0000000000000000 DR2=0000000000000000 DR3=0000000000000000 
DR6=00000000ffff0ff0 DR7=0000000000000400
CCS=0000000000000085 CCD=ffffffffffffffa5 CCO=EFLAGS
EFER=0000000000000501
Servicing hardware INT=0x20
    12: v=20 e=0000 i=0 cpl=0 IP=0008:0000000000200d31 pc=0000000000200d31 SP=0010:00000000002fffc8 env->regs[R_EAX]=0000000000000002
RAX=0000000000000002 RBX=0000000000009500 RCX=000000000000000a RDX=00000000000003f8
RSI=000000000000001a RDI=0000000000000a00 RBP=0000000000000000 RSP=00000000002fffc8
R8 =0000000000000729 R9 =0000000000000001 R10=8080808080808080 R11=0000000000000038
R12=0000000000c4ce4c R13=0000000000000000 R14=0000000000000043 R15=0000000000000000
RIP=0000000000200d31 RFL=00000287 [--S--PC] CPL=0 II=0 A20=1 SMM=0 HLT=0
ES =0010 0000000000000000 ffffffff 00cf9300 DPL=0 DS   [-WA]
CS =0008 0000000000000000 ffffffff 00af9b00 DPL=0 CS64 [-RA]
SS =0010 0000000000000000 ffffffff 00cf9300 DPL=0 DS   [-WA]
DS =0010 0000000000000000 ffffffff 00cf9300 DPL=0 DS   [-WA]
FS =0010 0000000000000000 ffffffff 00cf9300 DPL=0 DS   [-WA]
GS =0010 0000000000000000 ffffffff 00cf9300 DPL=0 DS   [-WA]
LDT=0000 0000000000000000 0000ffff 00008200 DPL=0 LDT
TR =0028 000000000020d5b8 00000067 00008900 DPL=0 TSS64-avl
GDT=     000000000020d578 0000003f
IDT=     000000000020d620 0000020f
CR0=80000011 CR2=0000000000000000 CR3=0000000000102000 CR4=00000020
DR0=0000000000000000 DR1=0000000000000000 DR2=0000000000000000 DR3=0000000000000000 
DR6=00000000ffff0ff0 DR7=0000000000000400
CCS=0000000000000085 CCD=ffffffffffffffa6 CCO=EFLAGS
EFER=0000000000000501
Servicing hardware INT=0x20
    13: v=20 e=0000 i=0 cpl=0 IP=0008:0000000000200d31 pc=0000000000200d31 SP=0010:00000000002fffc8 env->regs[R_EAX]=0000000000000002
RAX=0000000000000002 RBX=0000000000009500 RCX=000000000000000b RDX=00000000000003f8
RSI=000000000000001a RDI=0000000000000a00 RBP=0000000000000000 RSP=00000000002fffc8
R8 =0000000000000729 R9 =0000000000000001 R10=8080808080808080 R11=0000000000000038
R12=0000000000c4ce4c R13=0000000000000000 R14=0000000000000043 R15=0000000000000000
RIP=0000000000200d31 RFL=00000283 [--S---C] CPL=0 II=0 A20=1 SMM=0 HLT=0
ES =0010 0000000000000000 ffffffff 00cf9300 DPL=0 DS   [-WA]
CS =0008 0000000000000000 ffffffff 00af9b00 DPL=0 CS64 [-RA]
SS =0010 0000000000000000 ffffffff 00cf9300 DPL=0 DS   [-WA]
DS =0010 0000000000000000 ffffffff 00cf9300 DPL=0 DS   [-WA]
FS =0010 0000000000000000 ffffffff 00cf9300 DPL=0 DS   [-WA]
GS =0010 0000000000000000 ffffffff 00cf9300 DPL=0 DS   [-WA]
LDT=0000 0000000000000000 0000ffff 00008200 DPL=0 LDT
TR =0028 000000000020d5b8 00000067 00008900 DPL=0 TSS64-avl
GDT=     000000000020d578 0000003f
IDT=     000000000020d620 0000020f
CR0=80000011 CR2=0000000000000000 CR3=0000000000102000 CR4=00000020
DR0=0000000000000000 DR1=0000000000000000 DR2=0000000000000000 DR3=0000000000000000 
DR6=00000000ffff0ff0 DR7=0000000000000400
CCS=0000000000000081 CCD=ffffffffffffffa7 CCO=EFLAGS
EFER=0000000000000501
Servicing hardware INT=0x20
    14: v=20 e=0000 i=0 cpl=0 IP=0008:0000000000200d31 pc=0000000000200d31 SP=0010:00000000002fffc8 env->regs[R_EAX]=0000000000000002
RAX=0000000000000002 RBX=0000000000009500 RCX=000000000000000c RDX=00000000000003f8
RSI=000000000000001a RDI=0000000000000a00 RBP=0000000000000000 RSP=00000000002fffc8
R8 =0000000000000729 R9 =0000000000000001 R10=8080808080808080 R11=0000000000000038
R12=0000000000c4ce4c R13=0000000000000000 R14=0000000000000043 R15=0000000000000000
RIP=0000000000200d31 RFL=00000283 [--S---C] CPL=0 II=0 A20=1 SMM=0 HLT=0
ES =0010 0000000000000000 ffffffff 00cf9300 DPL=0 DS   [-WA]
CS =0008 0000000000000000 ffffffff 00af9b00 DPL=0 CS64 [-RA]
SS =0010 0000000000000000 ffffffff 00cf9300 DPL=0 DS   [-WA]
DS =0010 0000000000000000 ffffffff 00cf9300 DPL=0 DS   [-WA]
FS =0010 0000000000000000 ffffffff 00cf9300 DPL=0 DS   [-WA]
GS =0010 0000000000000000 ffffffff 00cf9300 DPL=0 DS   [-WA]
LDT=0000 0000000000000000 0000ffff 00008200 DPL=0 LDT
TR =0028 000000000020d5b8 00000067 00008900 DPL=0 TSS64-avl
GDT=     000000000020d578 0000003f
IDT=     000000000020d620 0000020f
CR0=80000011 CR2=0000000000000000 CR3=0000000000102000 CR4=00000020
DR0=0000000000000000 DR1=0000000000000000 DR2=0000000000000000 DR3=0000000000000000 
DR6=00000000ffff0ff0 DR7=0000000000000400
CCS=0000000000000081 CCD=ffffffffffffffa8 CCO=EFLAGS
EFER=0000000000000501
Servicing hardware INT=0x20
    15: v=20 e=0000 i=0 cpl=0 IP=0008:0000000000200d31 pc=0000000000200d31 SP=0010:00000000002fffc8 env->regs[R_EAX]=0000000000000002
RAX=0000000000000002 RBX=0000000000009500 RCX=000000000000000d RDX=00000000000003f8
RSI=000000000000001a RDI=0000000000000a00 RBP=0000000000000000 RSP=00000000002fffc8
R8 =0000000000000729 R9 =0000000000000001 R10=8080808080808080 R11=0000000000000038
R12=0000000000c4ce4c R13=0000000000000000 R14=0000000000000043 R15=0000000000000000
RIP=0000000000200d31 RFL=00000287 [--S--PC] CPL=0 II=0 A20=1 SMM=0 HLT=0
ES =0010 0000000000000000 ffffffff 00cf9300 DPL=0 DS   [-WA]
CS =0008 0000000000000000 ffffffff 00af9b00 DPL=0 CS64 [-RA]
SS =0010 0000000000000000 ffffffff 00cf9300 DPL=0 DS   [-WA]
DS =0010 0000000000000000 ffffffff 00cf9300 DPL=0 DS   [-WA]
FS =0010 0000000000000000 ffffffff 00cf9300 DPL=0 DS   [-WA]
GS =0010 0000000000000000 ffffffff 00cf9300 DPL=0 DS   [-WA]
LDT=0000 0000000000000000 0000ffff 00008200 DPL=0 LDT
TR =0028 000000000020d5b8 00000067 00008900 DPL=0 TSS64-avl
GDT=     000000000020d578 0000003f
IDT=     000000000020d620 0000020f
CR0=80000011 CR2=0000000000000000 CR3=0000000000102000 CR4=00000020
DR0=0000000000000000 DR1=0000000000000000 DR2=0000000000000000 DR3=0000000000000000 
DR6=00000000ffff0ff0 DR7=0000000000000400
CCS=0000000000000085 CCD=ffffffffffffffa9 CCO=EFLAGS
EFER=0000000000000501
Servicing hardware INT=0x20
    16: v=20 e=0000 i=0 cpl=0 IP=0008:0000000000200d31 pc=0000000000200d31 SP=0010:00000000002fffc8 env->regs[R_EAX]=0000000000000002
RAX=0000000000000002 RBX=0000000000009500 RCX=000000000000000e RDX=00000000000003f8
RSI=000000000000001a RDI=0000000000000a00 RBP=0000000000000000 RSP=00000000002fffc8
R8 =0000000000000729 R9 =0000000000000001 R10=8080808080808080 R11=0000000000000038
R12=0000000000c4ce4c R13=0000000000000000 R14=0000000000000043 R15=0000000000000000
RIP=0000000000200d31 RFL=00000287 [--S--PC] CPL=0 II=0 A20=1 SMM=0 HLT=0
ES =0010 0000000000000000 ffffffff 00cf9300 DPL=0 DS   [-WA]
CS =0008 0000000000000000 ffffffff 00af9b00 DPL=0 CS64 [-RA]
SS =0010 0000000000000000 ffffffff 00cf9300 DPL=0 DS   [-WA]
DS =0010 0000000000000000 ffffffff 00cf9300 DPL=0 DS   [-WA]
FS =0010 0000000000000000 ffffffff 00cf9300 DPL=0 DS   [-WA]
GS =0010 0000000000000000 ffffffff 00cf9300 DPL=0 DS   [-WA]
LDT=0000 0000000000000000 0000ffff 00008200 DPL=0 LDT
TR =0028 000000000020d5b8 00000067 00008900 DPL=0 TSS64-avl
GDT=     000000000020d578 0000003f
IDT=     000000000020d620 0000020f
CR0=80000011 CR2=0000000000000000 CR3=0000000000102000 CR4=00000020
DR0=0000000000000000 DR1=0000000000000000 DR2=0000000000000000 DR3=0000000000000000 
DR6=00000000ffff0ff0 DR7=0000000000000400
CCS=0000000000000085 CCD=ffffffffffffffaa CCO=EFLAGS
EFER=0000000000000501
Servicing hardware INT=0x20
    17: v=20 e=0000 i=0 cpl=0 IP=0008:0000000000200d31 pc=0000000000200d31 SP=0010:00000000002fffc8 env->regs[R_EAX]=0000000000000002
RAX=0000000000000002 RBX=0000000000009500 RCX=000000000000000f RDX=00000000000003f8
RSI=000000000000001a RDI=0000000000000a00 RBP=0000000000000000 RSP=00000000002fffc8
R8 =0000000000000729 R9 =0000000000000001 R10=8080808080808080 R11=0000000000000038
R12=0000000000c4ce4c R13=0000000000000000 R14=0000000000000043 R15=0000000000000000
RIP=0000000000200d31 RFL=00000283 [--S---C] CPL=0 II=0 A20=1 SMM=0 HLT=0
ES =0010 0000000000000000 ffffffff 00cf9300 DPL=0 DS   [-WA]
CS =0008 0000000000000000 ffffffff 00af9b00 DPL=0 CS64 [-RA]
SS =0010 0000000000000000 ffffffff 00cf9300 DPL=0 DS   [-WA]
DS =0010 0000000000000000 ffffffff 00cf9300 DPL=0 DS   [-WA]
FS =0010 0000000000000000 ffffffff 00cf9300 DPL=0 DS   [-WA]
GS =0010 0000000000000000 ffffffff 00cf9300 DPL=0 DS   [-WA]
LDT=0000 0000000000000000 0000ffff 00008200 DPL=0 LDT
TR =0028 000000000020d5b8 00000067 00008900 DPL=0 TSS64-avl
GDT=     000000000020d578 0000003f
IDT=     000000000020d620 0000020f
CR0=80000011 CR2=0000000000000000 CR3=0000000000102000 CR4=00000020
DR0=0000000000000000 DR1=0000000000000000 DR2=0000000000000000 DR3=0000000000000000 
DR6=00000000ffff0ff0 DR7=0000000000000400
CCS=0000000000000081 CCD=ffffffffffffffab CCO=EFLAGS
EFER=0000000000000501
Servicing hardware INT=0x20
    18: v=20 e=0000 i=0 cpl=0 IP=0008:0000000000200d31 pc=0000000000200d31 SP=0010:00000000002fffc8 env->regs[R_EAX]=0000000000000002
RAX=0000000000000002 RBX=0000000000009500 RCX=0000000000000010 RDX=00000000000003f8
RSI=000000000000001a RDI=0000000000000a00 RBP=0000000000000000 RSP=00000000002fffc8
R8 =0000000000000729 R9 =0000000000000001 R10=8080808080808080 R11=0000000000000038
R12=0000000000c4ce4c R13=0000000000000000 R14=0000000000000043 R15=0000000000000000
RIP=0000000000200d31 RFL=00000297 [--S-APC] CPL=0 II=0 A20=1 SMM=0 HLT=0
ES =0010 0000000000000000 ffffffff 00cf9300 DPL=0 DS   [-WA]
CS =0008 0000000000000000 ffffffff 00af9b00 DPL=0 CS64 [-RA]
SS =0010 0000000000000000 ffffffff 00cf9300 DPL=0 DS   [-WA]
DS =0010 0000000000000000 ffffffff 00cf9300 DPL=0 DS   [-WA]
FS =0010 0000000000000000 ffffffff 00cf9300 DPL=0 DS   [-WA]
GS =0010 0000000000000000 ffffffff 00cf9300 DPL=0 DS   [-WA]
LDT=0000 0000000000000000 0000ffff 00008200 DPL=0 LDT
TR =0028 000000000020d5b8 00000067 00008900 DPL=0 TSS64-avl
GDT=     000000000020d578 0000003f
IDT=     000000000020d620 0000020f
CR0=80000011 CR2=0000000000000000 CR3=0000000000102000 CR4=00000020
DR0=0000000000000000 DR1=0000000000000000 DR2=0000000000000000 DR3=0000000000000000 
DR6=00000000ffff0ff0 DR7=0000000000000400
CCS=0000000000000095 CCD=ffffffffffffffac CCO=EFLAGS
EFER=0000000000000501
Servicing hardware INT=0x20
    19: v=20 e=0000 i=0 cpl=0 IP=0008:0000000000200d31 pc=0000000000200d31 SP=0010:00000000002fffc8 env->regs[R_EAX]=0000000000000002
RAX=0000000000000002 RBX=0000000000009500 RCX=0000000000000011 RDX=00000000000003f8
RSI=000000000000001a RDI=0000000000000a00 RBP=0000000000000000 RSP=00000000002fffc8
R8 =0000000000000729 R9 =0000000000000001 R10=8080808080808080 R11=0000000000000038
R12=0000000000c4ce4c R13=0000000000000000 R14=0000000000000043 R15=0000000000000000
RIP=0000000000200d31 RFL=00000293 [--S-A-C] CPL=0 II=0 A20=1 SMM=0 HLT=0
ES =0010 0000000000000000 ffffffff 00cf9300 DPL=0 DS   [-WA]
CS =0008 0000000000000000 ffffffff 00af9b00 DPL=0 CS64 [-RA]
SS =0010 0000000000000000 ffffffff 00cf9300 DPL=0 DS   [-WA]
DS =0010 0000000000000000 ffffffff 00cf9300 DPL=0 DS   [-WA]
FS =0010 0000000000000000 ffffffff 00cf9300 DPL=0 DS   [-WA]
GS =0010 0000000000000000 ffffffff 00cf9300 DPL=0 DS   [-WA]
LDT=0000 0000000000000000 0000ffff 00008200 DPL=0 LDT
TR =0028 000000000020d5b8 00000067 00008900 DPL=0 TSS64-avl
GDT=     000000000020d578 0000003f
IDT=     000000000020d620 0000020f
CR0=80000011 CR2=0000000000000000 CR3=0000000000102000 CR4=00000020
DR0=0000000000000000 DR1=0000000000000000 DR2=0000000000000000 DR3=0000000000000000 
DR6=00000000ffff0ff0 DR7=0000000000000400
CCS=0000000000000091 CCD=ffffffffffffffad CCO=EFLAGS
EFER=0000000000000501
Servicing hardware INT=0x20
    20: v=20 e=0000 i=0 cpl=0 IP=0008:0000000000200d31 pc=0000000000200d31 SP=0010:00000000002fffc8 env->regs[R_EAX]=0000000000000002
RAX=0000000000000002 RBX=0000000000009500 RCX=0000000000000012 RDX=00000000000003f8
RSI=000000000000001a RDI=0000000000000a00 RBP=0000000000000000 RSP=00000000002fffc8
R8 =0000000000000729 R9 =0000000000000001 R10=8080808080808080 R11=0000000000000038
R12=0000000000c4ce4c R13=0000000000000000 R14=0000000000000043 R15=0000000000000000
RIP=0000000000200d31 RFL=00000293 [--S-A-C] CPL=0 II=0 A20=1 SMM=0 HLT=0
ES =0010 0000000000000000 ffffffff 00cf9300 DPL=0 DS   [-WA]
CS =0008 0000000000000000 ffffffff 00af9b00 DPL=0 CS64 [-RA]
SS =0010 0000000000000000 ffffffff 00cf9300 DPL=0 DS   [-WA]
DS =0010 0000000000000000 ffffffff 00cf9300 DPL=0 DS   [-WA]
FS =0010 0000000000000000 ffffffff 00cf9300 DPL=0 DS   [-WA]
GS =0010 0000000000000000 ffffffff 00cf9300 DPL=0 DS   [-WA]
LDT=0000 0000000000000000 0000ffff 00008200 DPL=0 LDT
TR =0028 000000000020d5b8 00000067 00008900 DPL=0 TSS64-avl
GDT=     000000000020d578 0000003f
IDT=     000000000020d620 0000020f
CR0=80000011 CR2=0000000000000000 CR3=0000000000102000 CR4=00000020
DR0=0000000000000000 DR1=0000000000000000 DR2=0000000000000000 DR3=0000000000000000 
DR6=00000000ffff0ff0 DR7=0000000000000400
CCS=0000000000000091 CCD=ffffffffffffffae CCO=EFLAGS
EFER=0000000000000501
Servicing hardware INT=0x20
    21: v=20 e=0000 i=0 cpl=0 IP=0008:0000000000200d31 pc=0000000000200d31 SP=0010:00000000002fffc8 env->regs[R_EAX]=0000000000000002
RAX=0000000000000002 RBX=0000000000009500 RCX=0000000000000013 RDX=00000000000003f8
RSI=000000000000001a RDI=0000000000000a00 RBP=0000000000000000 RSP=00000000002fffc8
R8 =0000000000000729 R9 =0000000000000001 R10=8080808080808080 R11=0000000000000038
R12=0000000000c4ce4c R13=0000000000000000 R14=0000000000000043 R15=0000000000000000
RIP=0000000000200d31 RFL=00000297 [--S-APC] CPL=0 II=0 A20=1 SMM=0 HLT=0
ES =0010 0000000000000000 ffffffff 00cf9300 DPL=0 DS   [-WA]
CS =0008 0000000000000000 ffffffff 00af9b00 DPL=0 CS64 [-RA]
SS =0010 0000000000000000 ffffffff 00cf9300 DPL=0 DS   [-WA]
DS =0010 0000000000000000 ffffffff 00cf9300 DPL=0 DS   [-WA]
FS =0010 0000000000000000 ffffffff 00cf9300 DPL=0 DS   [-WA]
GS =0010 0000000000000000 ffffffff 00cf9300 DPL=0 DS   [-WA]
LDT=0000 0000000000000000 0000ffff 00008200 DPL=0 LDT
TR =0028 000000000020d5b8 00000067 00008900 DPL=0 TSS64-avl
GDT=     000000000020d578 0000003f
IDT=     000000000020d620 0000020f
CR0=80000011 CR2=0000000000000000 CR3=0000000000102000 CR4=00000020
DR0=0000000000000000 DR1=0000000000000000 DR2=0000000000000000 DR3=0000000000000000 
DR6=00000000ffff0ff0 DR7=0000000000000400
CCS=0000000000000095 CCD=ffffffffffffffaf CCO=EFLAGS
EFER=0000000000000501
Servicing hardware INT=0x20
    22: v=20 e=0000 i=0 cpl=0 IP=0008:0000000000200d31 pc=0000000000200d31 SP=0010:00000000002fffc8 env->regs[R_EAX]=0000000000000002
RAX=0000000000000002 RBX=0000000000009500 RCX=0000000000000014 RDX=00000000000003f8
RSI=000000000000001a RDI=0000000000000a00 RBP=0000000000000000 RSP=00000000002fffc8
R8 =0000000000000729 R9 =0000000000000001 R10=8080808080808080 R11=0000000000000038
R12=0000000000c4ce4c R13=0000000000000000 R14=0000000000000043 R15=0000000000000000
RIP=0000000000200d31 RFL=00000283 [--S---C] CPL=0 II=0 A20=1 SMM=0 HLT=0
ES =0010 0000000000000000 ffffffff 00cf9300 DPL=0 DS   [-WA]
CS =0008 0000000000000000 ffffffff 00af9b00 DPL=0 CS64 [-RA]
SS =0010 0000000000000000 ffffffff 00cf9300 DPL=0 DS   [-WA]
DS =0010 0000000000000000 ffffffff 00cf9300 DPL=0 DS   [-WA]
FS =0010 0000000000000000 ffffffff 00cf9300 DPL=0 DS   [-WA]
GS =0010 0000000000000000 ffffffff 00cf9300 DPL=0 DS   [-WA]
LDT=0000 0000000000000000 0000ffff 00008200 DPL=0 LDT
TR =0028 000000000020d5b8 00000067 00008900 DPL=0 TSS64-avl
GDT=     000000000020d578 0000003f
IDT=     000000000020d620 0000020f
CR0=80000011 CR2=0000000000000000 CR3=0000000000102000 CR4=00000020
DR0=0000000000000000 DR1=0000000000000000 DR2=0000000000000000 DR3=0000000000000000 
DR6=00000000ffff0ff0 DR7=0000000000000400
CCS=0000000000000081 CCD=ffffffffffffffb0 CCO=EFLAGS
EFER=0000000000000501
Servicing hardware INT=0x20
    23: v=20 e=0000 i=0 cpl=0 IP=0008:0000000000200d31 pc=0000000000200d31 SP=0010:00000000002fffc8 env->regs[R_EAX]=0000000000000002
RAX=0000000000000002 RBX=0000000000009500 RCX=0000000000000015 RDX=00000000000003f8
RSI=000000000000001a RDI=0000000000000a00 RBP=0000000000000000 RSP=00000000002fffc8
R8 =0000000000000729 R9 =0000000000000001 R10=8080808080808080 R11=0000000000000038
R12=0000000000c4ce4c R13=0000000000000000 R14=0000000000000043 R15=0000000000000000
RIP=0000000000200d31 RFL=00000287 [--S--PC] CPL=0 II=0 A20=1 SMM=0 HLT=0
ES =0010 0000000000000000 ffffffff 00cf9300 DPL=0 DS   [-WA]
CS =0008 0000000000000000 ffffffff 00af9b00 DPL=0 CS64 [-RA]
SS =0010 0000000000000000 ffffffff 00cf9300 DPL=0 DS   [-WA]
DS =0010 0000000000000000 ffffffff 00cf9300 DPL=0 DS   [-WA]
FS =0010 0000000000000000 ffffffff 00cf9300 DPL=0 DS   [-WA]
GS =0010 0000000000000000 ffffffff 00cf9300 DPL=0 DS   [-WA]
LDT=0000 0000000000000000 0000ffff 00008200 DPL=0 LDT
TR =0028 000000000020d5b8 00000067 00008900 DPL=0 TSS64-avl
GDT=     000000000020d578 0000003f
IDT=     000000000020d620 0000020f
CR0=80000011 CR2=0000000000000000 CR3=0000000000102000 CR4=00000020
DR0=0000000000000000 DR1=0000000000000000 DR2=0000000000000000 DR3=0000000000000000 
DR6=00000000ffff0ff0 DR7=0000000000000400
CCS=0000000000000085 CCD=ffffffffffffffb1 CCO=EFLAGS
EFER=0000000000000501
Servicing hardware INT=0x20
    24: v=20 e=0000 i=0 cpl=0 IP=0008:0000000000200d31 pc=0000000000200d31 SP=0010:00000000002fffc8 env->regs[R_EAX]=0000000000000002
RAX=0000000000000002 RBX=0000000000009500 RCX=0000000000000016 RDX=00000000000003f8
RSI=000000000000001a RDI=0000000000000a00 RBP=0000000000000000 RSP=00000000002fffc8
R8 =0000000000000729 R9 =0000000000000001 R10=8080808080808080 R11=0000000000000038
R12=0000000000c4ce4c R13=0000000000000000 R14=0000000000000043 R15=0000000000000000
RIP=0000000000200d31 RFL=00000287 [--S--PC] CPL=0 II=0 A20=1 SMM=0 HLT=0
ES =0010 0000000000000000 ffffffff 00cf9300 DPL=0 DS   [-WA]
CS =0008 0000000000000000 ffffffff 00af9b00 DPL=0 CS64 [-RA]
SS =0010 0000000000000000 ffffffff 00cf9300 DPL=0 DS   [-WA]
DS =0010 0000000000000000 ffffffff 00cf9300 DPL=0 DS   [-WA]
FS =0010 0000000000000000 ffffffff 00cf9300 DPL=0 DS   [-WA]
GS =0010 0000000000000000 ffffffff 00cf9300 DPL=0 DS   [-WA]
LDT=0000 0000000000000000 0000ffff 00008200 DPL=0 LDT
TR =0028 000000000020d5b8 00000067 00008900 DPL=0 TSS64-avl
GDT=     000000000020d578 0000003f
IDT=     000000000020d620 0000020f
CR0=80000011 CR2=0000000000000000 CR3=0000000000102000 CR4=00000020
DR0=0000000000000000 DR1=0000000000000000 DR2=0000000000000000 DR3=0000000000000000 
DR6=00000000ffff0ff0 DR7=0000000000000400
CCS=0000000000000085 CCD=ffffffffffffffb2 CCO=EFLAGS
EFER=0000000000000501
Servicing hardware INT=0x20
    25: v=20 e=0000 i=0 cpl=0 IP=0008:0000000000200d31 pc=0000000000200d31 SP=0010:00000000002fffc8 env->regs[R_EAX]=0000000000000002
RAX=0000000000000002 RBX=0000000000009500 RCX=0000000000000017 RDX=00000000000003f8
RSI=000000000000001a RDI=0000000000000a00 RBP=0000000000000000 RSP=00000000002fffc8
R8 =0000000000000729 R9 =0000000000000001 R10=8080808080808080 R11=0000000000000038
R12=0000000000c4ce4c R13=0000000000000000 R14=0000000000000043 R15=0000000000000000
RIP=0000000000200d31 RFL=00000283 [--S---C] CPL=0 II=0 A20=1 SMM=0 HLT=0
ES =0010 0000000000000000 ffffffff 00cf9300 DPL=0 DS   [-WA]
CS =0008 0000000000000000 ffffffff 00af9b00 DPL=0 CS64 [-RA]
SS =0010 0000000000000000 ffffffff 00cf9300 DPL=0 DS   [-WA]
DS =0010 0000000000000000 ffffffff 00cf9300 DPL=0 DS   [-WA]
FS =0010 0000000000000000 ffffffff 00cf9300 DPL=0 DS   [-WA]
GS =0010 0000000000000000 ffffffff 00cf9300 DPL=0 DS   [-WA]
LDT=0000 0000000000000000 0000ffff 00008200 DPL=0 LDT
TR =0028 000000000020d5b8 00000067 00008900 DPL=0 TSS64-avl
GDT=     000000000020d578 0000003f
IDT=     000000000020d620 0000020f
CR0=80000011 CR2=0000000000000000 CR3=0000000000102000 CR4=00000020
DR0=0000000000000000 DR1=0000000000000000 DR2=0000000000000000 DR3=0000000000000000 
DR6=00000000ffff0ff0 DR7=0000000000000400
CCS=0000000000000081 CCD=ffffffffffffffb3 CCO=EFLAGS
EFER=0000000000000501
Servicing hardware INT=0x20
    26: v=20 e=0000 i=0 cpl=0 IP=0008:0000000000200d31 pc=0000000000200d31 SP=0010:00000000002fffc8 env->regs[R_EAX]=0000000000000002
RAX=0000000000000002 RBX=0000000000009500 RCX=0000000000000018 RDX=00000000000003f8
RSI=000000000000001a RDI=0000000000000a00 RBP=0000000000000000 RSP=00000000002fffc8
R8 =0000000000000729 R9 =0000000000000001 R10=8080808080808080 R11=0000000000000038
R12=0000000000c4ce4c R13=0000000000000000 R14=0000000000000043 R15=0000000000000000
RIP=0000000000200d31 RFL=00000287 [--S--PC] CPL=0 II=0 A20=1 SMM=0 HLT=0
ES =0010 0000000000000000 ffffffff 00cf9300 DPL=0 DS   [-WA]
CS =0008 0000000000000000 ffffffff 00af9b00 DPL=0 CS64 [-RA]
SS =0010 0000000000000000 ffffffff 00cf9300 DPL=0 DS   [-WA]
DS =0010 0000000000000000 ffffffff 00cf9300 DPL=0 DS   [-WA]
FS =0010 0000000000000000 ffffffff 00cf9300 DPL=0 DS   [-WA]
GS =0010 0000000000000000 ffffffff 00cf9300 DPL=0 DS   [-WA]
LDT=0000 0000000000000000 0000ffff 00008200 DPL=0 LDT
TR =0028 000000000020d5b8 00000067 00008900 DPL=0 TSS64-avl
GDT=     000000000020d578 0000003f
IDT=     000000000020d620 0000020f
CR0=80000011 CR2=0000000000000000 CR3=0000000000102000 CR4=00000020
DR0=0000000000000000 DR1=0000000000000000 DR2=0000000000000000 DR3=0000000000000000 
DR6=00000000ffff0ff0 DR7=0000000000000400
CCS=0000000000000085 CCD=ffffffffffffffb4 CCO=EFLAGS
EFER=0000000000000501
Servicing hardware INT=0x20
    27: v=20 e=0000 i=0 cpl=0 IP=0008:0000000000200d31 pc=0000000000200d31 SP=0010:00000000002fffc8 env->regs[R_EAX]=0000000000000002
RAX=0000000000000002 RBX=0000000000009500 RCX=0000000000000019 RDX=00000000000003f8
RSI=000000000000001a RDI=0000000000000a00 RBP=0000000000000000 RSP=00000000002fffc8
R8 =0000000000000729 R9 =0000000000000001 R10=8080808080808080 R11=0000000000000038
R12=0000000000c4ce4c R13=0000000000000000 R14=0000000000000043 R15=0000000000000000
RIP=0000000000200d31 RFL=00000283 [--S---C] CPL=0 II=0 A20=1 SMM=0 HLT=0
ES =0010 0000000000000000 ffffffff 00cf9300 DPL=0 DS   [-WA]
CS =0008 0000000000000000 ffffffff 00af9b00 DPL=0 CS64 [-RA]
SS =0010 0000000000000000 ffffffff 00cf9300 DPL=0 DS   [-WA]
DS =0010 0000000000000000 ffffffff 00cf9300 DPL=0 DS   [-WA]
FS =0010 0000000000000000 ffffffff 00cf9300 DPL=0 DS   [-WA]
GS =0010 0000000000000000 ffffffff 00cf9300 DPL=0 DS   [-WA]
LDT=0000 0000000000000000 0000ffff 00008200 DPL=0 LDT
TR =0028 000000000020d5b8 00000067 00008900 DPL=0 TSS64-avl
GDT=     000000000020d578 0000003f
IDT=     000000000020d620 0000020f
CR0=80000011 CR2=0000000000000000 CR3=0000000000102000 CR4=00000020
DR0=0000000000000000 DR1=0000000000000000 DR2=0000000000000000 DR3=0000000000000000 
DR6=00000000ffff0ff0 DR7=0000000000000400
CCS=0000000000000081 CCD=ffffffffffffffb5 CCO=EFLAGS
EFER=0000000000000501
Servicing hardware INT=0x20
    28: v=20 e=0000 i=0 cpl=0 IP=0008:0000000000200d31 pc=0000000000200d31 SP=0010:00000000002fffc8 env->regs[R_EAX]=0000000000000002
RAX=0000000000000002 RBX=0000000000009500 RCX=000000000000001a RDX=00000000000003f8
RSI=000000000000001a RDI=0000000000000a00 RBP=0000000000000000 RSP=00000000002fffc8
R8 =0000000000000729 R9 =0000000000000001 R10=8080808080808080 R11=0000000000000038
R12=0000000000c4ce4c R13=0000000000000000 R14=0000000000000043 R15=0000000000000000
RIP=0000000000200d31 RFL=00000283 [--S---C] CPL=0 II=0 A20=1 SMM=0 HLT=0
ES =0010 0000000000000000 ffffffff 00cf9300 DPL=0 DS   [-WA]
CS =0008 0000000000000000 ffffffff 00af9b00 DPL=0 CS64 [-RA]
SS =0010 0000000000000000 ffffffff 00cf9300 DPL=0 DS   [-WA]
DS =0010 0000000000000000 ffffffff 00cf9300 DPL=0 DS   [-WA]
FS =0010 0000000000000000 ffffffff 00cf9300 DPL=0 DS   [-WA]
GS =0010 0000000000000000 ffffffff 00cf9300 DPL=0 DS   [-WA]
LDT=0000 0000000000000000 0000ffff 00008200 DPL=0 LDT
TR =0028 000000000020d5b8 00000067 00008900 DPL=0 TSS64-avl
GDT=     000000000020d578 0000003f
IDT=     000000000020d620 0000020f
CR0=80000011 CR2=0000000000000000 CR3=0000000000102000 CR4=00000020
DR0=0000000000000000 DR1=0000000000000000 DR2=0000000000000000 DR3=0000000000000000 
DR6=00000000ffff0ff0 DR7=0000000000000400
CCS=0000000000000081 CCD=ffffffffffffffb6 CCO=EFLAGS
EFER=0000000000000501
Servicing hardware INT=0x20
    29: v=20 e=0000 i=0 cpl=0 IP=0008:0000000000200d31 pc=0000000000200d31 SP=0010:00000000002fffc8 env->regs[R_EAX]=0000000000000002
RAX=0000000000000002 RBX=0000000000009500 RCX=000000000000001b RDX=00000000000003f8
RSI=000000000000001a RDI=0000000000000a00 RBP=0000000000000000 RSP=00000000002fffc8
R8 =0000000000000729 R9 =0000000000000001 R10=8080808080808080 R11=0000000000000038
R12=0000000000c4ce4c R13=0000000000000000 R14=0000000000000043 R15=0000000000000000
RIP=0000000000200d31 RFL=00000287 [--S--PC] CPL=0 II=0 A20=1 SMM=0 HLT=0
ES =0010 0000000000000000 ffffffff 00cf9300 DPL=0 DS   [-WA]
CS =0008 0000000000000000 ffffffff 00af9b00 DPL=0 CS64 [-RA]
SS =0010 0000000000000000 ffffffff 00cf9300 DPL=0 DS   [-WA]
DS =0010 0000000000000000 ffffffff 00cf9300 DPL=0 DS   [-WA]
FS =0010 0000000000000000 ffffffff 00cf9300 DPL=0 DS   [-WA]
GS =0010 0000000000000000 ffffffff 00cf9300 DPL=0 DS   [-WA]
LDT=0000 0000000000000000 0000ffff 00008200 DPL=0 LDT
TR =0028 000000000020d5b8 00000067 00008900 DPL=0 TSS64-avl
GDT=     000000000020d578 0000003f
IDT=     000000000020d620 0000020f
CR0=80000011 CR2=0000000000000000 CR3=0000000000102000 CR4=00000020
DR0=0000000000000000 DR1=0000000000000000 DR2=0000000000000000 DR3=0000000000000000 
DR6=00000000ffff0ff0 DR7=0000000000000400
CCS=0000000000000085 CCD=ffffffffffffffb7 CCO=EFLAGS
EFER=0000000000000501
Servicing hardware INT=0x20
    30: v=20 e=0000 i=0 cpl=0 IP=0008:0000000000200d31 pc=0000000000200d31 SP=0010:00000000002fffc8 env->regs[R_EAX]=0000000000000002
RAX=0000000000000002 RBX=0000000000009500 RCX=000000000000001c RDX=00000000000003f8
RSI=000000000000001a RDI=0000000000000a00 RBP=0000000000000000 RSP=00000000002fffc8
R8 =0000000000000729 R9 =0000000000000001 R10=8080808080808080 R11=0000000000000038
R12=0000000000c4ce4c R13=0000000000000000 R14=0000000000000043 R15=0000000000000000
RIP=0000000000200d31 RFL=00000287 [--S--PC] CPL=0 II=0 A20=1 SMM=0 HLT=0
ES =0010 0000000000000000 ffffffff 00cf9300 DPL=0 DS   [-WA]
CS =0008 0000000000000000 ffffffff 00af9b00 DPL=0 CS64 [-RA]
SS =0010 0000000000000000 ffffffff 00cf9300 DPL=0 DS   [-WA]
DS =0010 0000000000000000 ffffffff 00cf9300 DPL=0 DS   [-WA]
FS =0010 0000000000000000 ffffffff 00cf9300 DPL=0 DS   [-WA]
GS =0010 0000000000000000 ffffffff 00cf9300 DPL=0 DS   [-WA]
LDT=0000 0000000000000000 0000ffff 00008200 DPL=0 LDT
TR =0028 000000000020d5b8 00000067 00008900 DPL=0 TSS64-avl
GDT=     000000000020d578 0000003f
IDT=     000000000020d620 0000020f
CR0=80000011 CR2=0000000000000000 CR3=0000000000102000 CR4=00000020
DR0=0000000000000000 DR1=0000000000000000 DR2=0000000000000000 DR3=0000000000000000 
DR6=00000000ffff0ff0 DR7=0000000000000400
CCS=0000000000000085 CCD=ffffffffffffffb8 CCO=EFLAGS
EFER=0000000000000501
Servicing hardware INT=0x20
    31: v=20 e=0000 i=0 cpl=0 IP=0008:0000000000200d31 pc=0000000000200d31 SP=0010:00000000002fffc8 env->regs[R_EAX]=0000000000000002
RAX=0000000000000002 RBX=0000000000009500 RCX=000000000000001d RDX=00000000000003f8
RSI=000000000000001a RDI=0000000000000a00 RBP=0000000000000000 RSP=00000000002fffc8
R8 =0000000000000729 R9 =0000000000000001 R10=8080808080808080 R11=0000000000000038
R12=0000000000c4ce4c R13=0000000000000000 R14=0000000000000043 R15=0000000000000000
RIP=0000000000200d31 RFL=00000283 [--S---C] CPL=0 II=0 A20=1 SMM=0 HLT=0
ES =0010 0000000000000000 ffffffff 00cf9300 DPL=0 DS   [-WA]
CS =0008 0000000000000000 ffffffff 00af9b00 DPL=0 CS64 [-RA]
SS =0010 0000000000000000 ffffffff 00cf9300 DPL=0 DS   [-WA]
DS =0010 0000000000000000 ffffffff 00cf9300 DPL=0 DS   [-WA]
FS =0010 0000000000000000 ffffffff 00cf9300 DPL=0 DS   [-WA]
GS =0010 0000000000000000 ffffffff 00cf9300 DPL=0 DS   [-WA]
LDT=0000 0000000000000000 0000ffff 00008200 DPL=0 LDT
TR =0028 000000000020d5b8 00000067 00008900 DPL=0 TSS64-avl
GDT=     000000000020d578 0000003f
IDT=     000000000020d620 0000020f
CR0=80000011 CR2=0000000000000000 CR3=0000000000102000 CR4=00000020
DR0=0000000000000000 DR1=0000000000000000 DR2=0000000000000000 DR3=0000000000000000 
DR6=00000000ffff0ff0 DR7=0000000000000400
CCS=0000000000000081 CCD=ffffffffffffffb9 CCO=EFLAGS
EFER=0000000000000501
Servicing hardware INT=0x20
    32: v=20 e=0000 i=0 cpl=0 IP=0008:0000000000200d31 pc=0000000000200d31 SP=0010:00000000002fffc8 env->regs[R_EAX]=0000000000000002
RAX=0000000000000002 RBX=0000000000009500 RCX=000000000000001e RDX=00000000000003f8
RSI=000000000000001a RDI=0000000000000a00 RBP=0000000000000000 RSP=00000000002fffc8
R8 =0000000000000729 R9 =0000000000000001 R10=8080808080808080 R11=0000000000000038
R12=0000000000c4ce4c R13=0000000000000000 R14=0000000000000043 R15=0000000000000000
RIP=0000000000200d31 RFL=00000283 [--S---C] CPL=0 II=0 A20=1 SMM=0 HLT=0
ES =0010 0000000000000000 ffffffff 00cf9300 DPL=0 DS   [-WA]
CS =0008 0000000000000000 ffffffff 00af9b00 DPL=0 CS64 [-RA]
SS =0010 0000000000000000 ffffffff 00cf9300 DPL=0 DS   [-WA]
DS =0010 0000000000000000 ffffffff 00cf9300 DPL=0 DS   [-WA]
FS =0010 0000000000000000 ffffffff 00cf9300 DPL=0 DS   [-WA]
GS =0010 0000000000000000 ffffffff 00cf9300 DPL=0 DS   [-WA]
LDT=0000 0000000000000000 0000ffff 00008200 DPL=0 LDT
TR =0028 000000000020d5b8 00000067 00008900 DPL=0 TSS64-avl
GDT=     000000000020d578 0000003f
IDT=     000000000020d620 0000020f
CR0=80000011 CR2=0000000000000000 CR3=0000000000102000 CR4=00000020
DR0=0000000000000000 DR1=0000000000000000 DR2=0000000000000000 DR3=0000000000000000 
DR6=00000000ffff0ff0 DR7=0000000000000400
CCS=0000000000000081 CCD=ffffffffffffffba CCO=EFLAGS
EFER=0000000000000501
Servicing hardware INT=0x20
    33: v=20 e=0000 i=0 cpl=0 IP=0008:0000000000200d31 pc=0000000000200d31 SP=0010:00000000002fffc8 env->regs[R_EAX]=0000000000000002
RAX=0000000000000002 RBX=0000000000009500 RCX=000000000000001f RDX=00000000000003f8
RSI=000000000000001a RDI=0000000000000a00 RBP=0000000000000000 RSP=00000000002fffc8
R8 =0000000000000729 R9 =0000000000000001 R10=8080808080808080 R11=0000000000000038
R12=0000000000c4ce4c R13=0000000000000000 R14=0000000000000043 R15=0000000000000000
RIP=0000000000200d31 RFL=00000287 [--S--PC] CPL=0 II=0 A20=1 SMM=0 HLT=0
ES =0010 0000000000000000 ffffffff 00cf9300 DPL=0 DS   [-WA]
CS =0008 0000000000000000 ffffffff 00af9b00 DPL=0 CS64 [-RA]
SS =0010 0000000000000000 ffffffff 00cf9300 DPL=0 DS   [-WA]
DS =0010 0000000000000000 ffffffff 00cf9300 DPL=0 DS   [-WA]
FS =0010 0000000000000000 ffffffff 00cf9300 DPL=0 DS   [-WA]
GS =0010 0000000000000000 ffffffff 00cf9300 DPL=0 DS   [-WA]
LDT=0000 0000000000000000 0000ffff 00008200 DPL=0 LDT
TR =0028 000000000020d5b8 00000067 00008900 DPL=0 TSS64-avl
GDT=     000000000020d578 0000003f
IDT=     000000000020d620 0000020f
CR0=80000011 CR2=0000000000000000 CR3=0000000000102000 CR4=00000020
DR0=0000000000000000 DR1=0000000000000000 DR2=0000000000000000 DR3=0000000000000000 
DR6=00000000ffff0ff0 DR7=0000000000000400
CCS=0000000000000085 CCD=ffffffffffffffbb CCO=EFLAGS
EFER=0000000000000501
Servicing hardware INT=0x20
    34: v=20 e=0000 i=0 cpl=0 IP=0008:0000000000200d31 pc=0000000000200d31 SP=0010:00000000002fffc8 env->regs[R_EAX]=0000000000000002
RAX=0000000000000002 RBX=0000000000009500 RCX=0000000000000020 RDX=00000000000003f8
RSI=000000000000001a RDI=0000000000000a00 RBP=0000000000000000 RSP=00000000002fffc8
R8 =0000000000000729 R9 =0000000000000001 R10=8080808080808080 R11=0000000000000038
R12=0000000000c4ce4c R13=0000000000000000 R14=0000000000000043 R15=0000000000000000
RIP=0000000000200d31 RFL=00000293 [--S-A-C] CPL=0 II=0 A20=1 SMM=0 HLT=0
ES =0010 0000000000000000 ffffffff 00cf9300 DPL=0 DS   [-WA]
CS =0008 0000000000000000 ffffffff 00af9b00 DPL=0 CS64 [-RA]
SS =0010 0000000000000000 ffffffff 00cf9300 DPL=0 DS   [-WA]
DS =0010 0000000000000000 ffffffff 00cf9300 DPL=0 DS   [-WA]
FS =0010 0000000000000000 ffffffff 00cf9300 DPL=0 DS   [-WA]
GS =0010 0000000000000000 ffffffff 00cf9300 DPL=0 DS   [-WA]
LDT=0000 0000000000000000 0000ffff 00008200 DPL=0 LDT
TR =0028 000000000020d5b8 00000067 00008900 DPL=0 TSS64-avl
GDT=     000000000020d578 0000003f
IDT=     000000000020d620 0000020f
CR0=80000011 CR2=0000000000000000 CR3=0000000000102000 CR4=00000020
DR0=0000000000000000 DR1=0000000000000000 DR2=0000000000000000 DR3=0000000000000000 
DR6=00000000ffff0ff0 DR7=0000000000000400
CCS=0000000000000091 CCD=ffffffffffffffbc CCO=EFLAGS
EFER=0000000000000501
Servicing hardware INT=0x20
    35: v=20 e=0000 i=0 cpl=0 IP=0008:0000000000200d31 pc=0000000000200d31 SP=0010:00000000002fffc8 env->regs[R_EAX]=0000000000000002
RAX=0000000000000002 RBX=0000000000009500 RCX=0000000000000021 RDX=00000000000003f8
RSI=000000000000001a RDI=0000000000000a00 RBP=0000000000000000 RSP=00000000002fffc8
R8 =0000000000000729 R9 =0000000000000001 R10=8080808080808080 R11=0000000000000038
R12=0000000000c4ce4c R13=0000000000000000 R14=0000000000000043 R15=0000000000000000
RIP=0000000000200d31 RFL=00000297 [--S-APC] CPL=0 II=0 A20=1 SMM=0 HLT=0
ES =0010 0000000000000000 ffffffff 00cf9300 DPL=0 DS   [-WA]
CS =0008 0000000000000000 ffffffff 00af9b00 DPL=0 CS64 [-RA]
SS =0010 0000000000000000 ffffffff 00cf9300 DPL=0 DS   [-WA]
DS =0010 0000000000000000 ffffffff 00cf9300 DPL=0 DS   [-WA]
FS =0010 0000000000000000 ffffffff 00cf9300 DPL=0 DS   [-WA]
GS =0010 0000000000000000 ffffffff 00cf9300 DPL=0 DS   [-WA]
LDT=0000 0000000000000000 0000ffff 00008200 DPL=0 LDT
TR =0028 000000000020d5b8 00000067 00008900 DPL=0 TSS64-avl
GDT=     000000000020d578 0000003f
IDT=     000000000020d620 0000020f
CR0=80000011 CR2=0000000000000000 CR3=0000000000102000 CR4=00000020
DR0=0000000000000000 DR1=0000000000000000 DR2=0000000000000000 DR3=0000000000000000 
DR6=00000000ffff0ff0 DR7=0000000000000400
CCS=0000000000000095 CCD=ffffffffffffffbd CCO=EFLAGS
EFER=0000000000000501
Servicing hardware INT=0x20
    36: v=20 e=0000 i=0 cpl=0 IP=0008:0000000000200d31 pc=0000000000200d31 SP=0010:00000000002fffc8 env->regs[R_EAX]=0000000000000002
RAX=0000000000000002 RBX=0000000000009500 RCX=0000000000000022 RDX=00000000000003f8
RSI=000000000000001a RDI=0000000000000a00 RBP=0000000000000000 RSP=00000000002fffc8
R8 =0000000000000729 R9 =0000000000000001 R10=8080808080808080 R11=0000000000000038
R12=0000000000c4ce4c R13=0000000000000000 R14=0000000000000043 R15=0000000000000000
RIP=0000000000200d31 RFL=00000297 [--S-APC] CPL=0 II=0 A20=1 SMM=0 HLT=0
ES =0010 0000000000000000 ffffffff 00cf9300 DPL=0 DS   [-WA]
CS =0008 0000000000000000 ffffffff 00af9b00 DPL=0 CS64 [-RA]
SS =0010 0000000000000000 ffffffff 00cf9300 DPL=0 DS   [-WA]
DS =0010 0000000000000000 ffffffff 00cf9300 DPL=0 DS   [-WA]
FS =0010 0000000000000000 ffffffff 00cf9300 DPL=0 DS   [-WA]
GS =0010 0000000000000000 ffffffff 00cf9300 DPL=0 DS   [-WA]
LDT=0000 0000000000000000 0000ffff 00008200 DPL=0 LDT
TR =0028 000000000020d5b8 00000067 00008900 DPL=0 TSS64-avl
GDT=     000000000020d578 0000003f
IDT=     000000000020d620 0000020f
CR0=80000011 CR2=0000000000000000 CR3=0000000000102000 CR4=00000020
DR0=0000000000000000 DR1=0000000000000000 DR2=0000000000000000 DR3=0000000000000000 
DR6=00000000ffff0ff0 DR7=0000000000000400
CCS=0000000000000095 CCD=ffffffffffffffbe CCO=EFLAGS
EFER=0000000000000501
Servicing hardware INT=0x20
    37: v=20 e=0000 i=0 cpl=0 IP=0008:0000000000200d31 pc=0000000000200d31 SP=0010:00000000002fffc8 env->regs[R_EAX]=0000000000000002
RAX=0000000000000002 RBX=0000000000009500 RCX=0000000000000023 RDX=00000000000003f8
RSI=000000000000001a RDI=0000000000000a00 RBP=0000000000000000 RSP=00000000002fffc8
R8 =0000000000000729 R9 =0000000000000001 R10=8080808080808080 R11=0000000000000038
R12=0000000000c4ce4c R13=0000000000000000 R14=0000000000000043 R15=0000000000000000
RIP=0000000000200d31 RFL=00000293 [--S-A-C] CPL=0 II=0 A20=1 SMM=0 HLT=0
ES =0010 0000000000000000 ffffffff 00cf9300 DPL=0 DS   [-WA]
CS =0008 0000000000000000 ffffffff 00af9b00 DPL=0 CS64 [-RA]
SS =0010 0000000000000000 ffffffff 00cf9300 DPL=0 DS   [-WA]
DS =0010 0000000000000000 ffffffff 00cf9300 DPL=0 DS   [-WA]
FS =0010 0000000000000000 ffffffff 00cf9300 DPL=0 DS   [-WA]
GS =0010 0000000000000000 ffffffff 00cf9300 DPL=0 DS   [-WA]
LDT=0000 0000000000000000 0000ffff 00008200 DPL=0 LDT
TR =0028 000000000020d5b8 00000067 00008900 DPL=0 TSS64-avl
GDT=     000000000020d578 0000003f
IDT=     000000000020d620 0000020f
CR0=80000011 CR2=0000000000000000 CR3=0000000000102000 CR4=00000020
DR0=0000000000000000 DR1=0000000000000000 DR2=0000000000000000 DR3=0000000000000000 
DR6=00000000ffff0ff0 DR7=0000000000000400
CCS=0000000000000091 CCD=ffffffffffffffbf CCO=EFLAGS
EFER=0000000000000501
Servicing hardware INT=0x20
    38: v=20 e=0000 i=0 cpl=0 IP=0008:0000000000200d31 pc=0000000000200d31 SP=0010:00000000002fffc8 env->regs[R_EAX]=0000000000000002
RAX=0000000000000002 RBX=0000000000009500 RCX=0000000000000024 RDX=00000000000003f8
RSI=000000000000001a RDI=0000000000000a00 RBP=0000000000000000 RSP=00000000002fffc8
R8 =0000000000000729 R9 =0000000000000001 R10=8080808080808080 R11=0000000000000038
R12=0000000000c4ce4c R13=0000000000000000 R14=0000000000000043 R15=0000000000000000
RIP=0000000000200d31 RFL=00000287 [--S--PC] CPL=0 II=0 A20=1 SMM=0 HLT=0
ES =0010 0000000000000000 ffffffff 00cf9300 DPL=0 DS   [-WA]
CS =0008 0000000000000000 ffffffff 00af9b00 DPL=0 CS64 [-RA]
SS =0010 0000000000000000 ffffffff 00cf9300 DPL=0 DS   [-WA]
DS =0010 0000000000000000 ffffffff 00cf9300 DPL=0 DS   [-WA]
FS =0010 0000000000000000 ffffffff 00cf9300 DPL=0 DS   [-WA]
GS =0010 0000000000000000 ffffffff 00cf9300 DPL=0 DS   [-WA]
LDT=0000 0000000000000000 0000ffff 00008200 DPL=0 LDT
TR =0028 000000000020d5b8 00000067 00008900 DPL=0 TSS64-avl
GDT=     000000000020d578 0000003f
IDT=     000000000020d620 0000020f
CR0=80000011 CR2=0000000000000000 CR3=0000000000102000 CR4=00000020
DR0=0000000000000000 DR1=0000000000000000 DR2=0000000000000000 DR3=0000000000000000 
DR6=00000000ffff0ff0 DR7=0000000000000400
CCS=0000000000000085 CCD=ffffffffffffffc0 CCO=EFLAGS
EFER=0000000000000501
Servicing hardware INT=0x20
    39: v=20 e=0000 i=0 cpl=0 IP=0008:0000000000200d31 pc=0000000000200d31 SP=0010:00000000002fffc8 env->regs[R_EAX]=0000000000000002
RAX=0000000000000002 RBX=0000000000009500 RCX=0000000000000025 RDX=00000000000003f8
RSI=000000000000001a RDI=0000000000000a00 RBP=0000000000000000 RSP=00000000002fffc8
R8 =0000000000000729 R9 =0000000000000001 R10=8080808080808080 R11=0000000000000038
R12=0000000000c4ce4c R13=0000000000000000 R14=0000000000000043 R15=0000000000000000
RIP=0000000000200d31 RFL=00000283 [--S---C] CPL=0 II=0 A20=1 SMM=0 HLT=0
ES =0010 0000000000000000 ffffffff 00cf9300 DPL=0 DS   [-WA]
CS =0008 0000000000000000 ffffffff 00af9b00 DPL=0 CS64 [-RA]
SS =0010 0000000000000000 ffffffff 00cf9300 DPL=0 DS   [-WA]
DS =0010 0000000000000000 ffffffff 00cf9300 DPL=0 DS   [-WA]
FS =0010 0000000000000000 ffffffff 00cf9300 DPL=0 DS   [-WA]
GS =0010 0000000000000000 ffffffff 00cf9300 DPL=0 DS   [-WA]
LDT=0000 0000000000000000 0000ffff 00008200 DPL=0 LDT
TR =0028 000000000020d5b8 00000067 00008900 DPL=0 TSS64-avl
GDT=     000000000020d578 0000003f
IDT=     000000000020d620 0000020f
CR0=80000011 CR2=0000000000000000 CR3=0000000000102000 CR4=00000020
DR0=0000000000000000 DR1=0000000000000000 DR2=0000000000000000 DR3=0000000000000000 
DR6=00000000ffff0ff0 DR7=0000000000000400
CCS=0000000000000081 CCD=ffffffffffffffc1 CCO=EFLAGS
EFER=0000000000000501
Servicing hardware INT=0x20
    40: v=20 e=0000 i=0 cpl=0 IP=0008:0000000000200d31 pc=0000000000200d31 SP=0010:00000000002fffc8 env->regs[R_EAX]=0000000000000002
RAX=0000000000000002 RBX=0000000000009500 RCX=0000000000000026 RDX=00000000000003f8
RSI=000000000000001a RDI=0000000000000a00 RBP=0000000000000000 RSP=00000000002fffc8
R8 =0000000000000729 R9 =0000000000000001 R10=8080808080808080 R11=0000000000000038
R12=0000000000c4ce4c R13=0000000000000000 R14=0000000000000043 R15=0000000000000000
RIP=0000000000200d31 RFL=00000283 [--S---C] CPL=0 II=0 A20=1 SMM=0 HLT=0
ES =0010 0000000000000000 ffffffff 00cf9300 DPL=0 DS   [-WA]
CS =0008 0000000000000000 ffffffff 00af9b00 DPL=0 CS64 [-RA]
SS =0010 0000000000000000 ffffffff 00cf9300 DPL=0 DS   [-WA]
DS =0010 0000000000000000 ffffffff 00cf9300 DPL=0 DS   [-WA]
FS =0010 0000000000000000 ffffffff 00cf9300 DPL=0 DS   [-WA]
GS =0010 0000000000000000 ffffffff 00cf9300 DPL=0 DS   [-WA]
LDT=0000 0000000000000000 0000ffff 00008200 DPL=0 LDT
TR =0028 000000000020d5b8 00000067 00008900 DPL=0 TSS64-avl
GDT=     000000000020d578 0000003f
IDT=     000000000020d620 0000020f
CR0=80000011 CR2=0000000000000000 CR3=0000000000102000 CR4=00000020
DR0=0000000000000000 DR1=0000000000000000 DR2=0000000000000000 DR3=0000000000000000 
DR6=00000000ffff0ff0 DR7=0000000000000400
CCS=0000000000000081 CCD=ffffffffffffffc2 CCO=EFLAGS
EFER=0000000000000501
Servicing hardware INT=0x20
    41: v=20 e=0000 i=0 cpl=0 IP=0008:0000000000200d31 pc=0000000000200d31 SP=0010:00000000002fffc8 env->regs[R_EAX]=0000000000000002
RAX=0000000000000002 RBX=0000000000009500 RCX=0000000000000027 RDX=00000000000003f8
RSI=000000000000001a RDI=0000000000000a00 RBP=0000000000000000 RSP=00000000002fffc8
R8 =0000000000000729 R9 =0000000000000001 R10=8080808080808080 R11=0000000000000038
R12=0000000000c4ce4c R13=0000000000000000 R14=0000000000000043 R15=0000000000000000
RIP=0000000000200d31 RFL=00000287 [--S--PC] CPL=0 II=0 A20=1 SMM=0 HLT=0
ES =0010 0000000000000000 ffffffff 00cf9300 DPL=0 DS   [-WA]
CS =0008 0000000000000000 ffffffff 00af9b00 DPL=0 CS64 [-RA]
SS =0010 0000000000000000 ffffffff 00cf9300 DPL=0 DS   [-WA]
DS =0010 0000000000000000 ffffffff 00cf9300 DPL=0 DS   [-WA]
FS =0010 0000000000000000 ffffffff 00cf9300 DPL=0 DS   [-WA]
GS =0010 0000000000000000 ffffffff 00cf9300 DPL=0 DS   [-WA]
LDT=0000 0000000000000000 0000ffff 00008200 DPL=0 LDT
TR =0028 000000000020d5b8 00000067 00008900 DPL=0 TSS64-avl
GDT=     000000000020d578 0000003f
IDT=     000000000020d620 0000020f
CR0=80000011 CR2=0000000000000000 CR3=0000000000102000 CR4=00000020
DR0=0000000000000000 DR1=0000000000000000 DR2=0000000000000000 DR3=0000000000000000 
DR6=00000000ffff0ff0 DR7=0000000000000400
CCS=0000000000000085 CCD=ffffffffffffffc3 CCO=EFLAGS
EFER=0000000000000501
Servicing hardware INT=0x20
    42: v=20 e=0000 i=0 cpl=0 IP=0008:0000000000200d31 pc=0000000000200d31 SP=0010:00000000002fffc8 env->regs[R_EAX]=0000000000000002
RAX=0000000000000002 RBX=0000000000009500 RCX=0000000000000028 RDX=00000000000003f8
RSI=000000000000001a RDI=0000000000000a00 RBP=0000000000000000 RSP=00000000002fffc8
R8 =0000000000000729 R9 =0000000000000001 R10=8080808080808080 R11=0000000000000038
R12=0000000000c4ce4c R13=0000000000000000 R14=0000000000000043 R15=0000000000000000
RIP=0000000000200d31 RFL=00000283 [--S---C] CPL=0 II=0 A20=1 SMM=0 HLT=0
ES =0010 0000000000000000 ffffffff 00cf9300 DPL=0 DS   [-WA]
CS =0008 0000000000000000 ffffffff 00af9b00 DPL=0 CS64 [-RA]
SS =0010 0000000000000000 ffffffff 00cf9300 DPL=0 DS   [-WA]
DS =0010 0000000000000000 ffffffff 00cf9300 DPL=0 DS   [-WA]
FS =0010 0000000000000000 ffffffff 00cf9300 DPL=0 DS   [-WA]
GS =0010 0000000000000000 ffffffff 00cf9300 DPL=0 DS   [-WA]
LDT=0000 0000000000000000 0000ffff 00008200 DPL=0 LDT
TR =0028 000000000020d5b8 00000067 00008900 DPL=0 TSS64-avl
GDT=     000000000020d578 0000003f
IDT=     000000000020d620 0000020f
CR0=80000011 CR2=0000000000000000 CR3=0000000000102000 CR4=00000020
DR0=0000000000000000 DR1=0000000000000000 DR2=0000000000000000 DR3=0000000000000000 
DR6=00000000ffff0ff0 DR7=0000000000000400
CCS=0000000000000081 CCD=ffffffffffffffc4 CCO=EFLAGS
EFER=0000000000000501
Servicing hardware INT=0x20
    43: v=20 e=0000 i=0 cpl=0 IP=0008:0000000000200d31 pc=0000000000200d31 SP=0010:00000000002fffc8 env->regs[R_EAX]=0000000000000002
RAX=0000000000000002 RBX=0000000000009500 RCX=0000000000000029 RDX=00000000000003f8
RSI=000000000000001a RDI=0000000000000a00 RBP=0000000000000000 RSP=00000000002fffc8
R8 =0000000000000729 R9 =0000000000000001 R10=8080808080808080 R11=0000000000000038
R12=0000000000c4ce4c R13=0000000000000000 R14=0000000000000043 R15=0000000000000000
RIP=0000000000200d31 RFL=00000287 [--S--PC] CPL=0 II=0 A20=1 SMM=0 HLT=0
ES =0010 0000000000000000 ffffffff 00cf9300 DPL=0 DS   [-WA]
CS =0008 0000000000000000 ffffffff 00af9b00 DPL=0 CS64 [-RA]
SS =0010 0000000000000000 ffffffff 00cf9300 DPL=0 DS   [-WA]
DS =0010 0000000000000000 ffffffff 00cf9300 DPL=0 DS   [-WA]
FS =0010 0000000000000000 ffffffff 00cf9300 DPL=0 DS   [-WA]
GS =0010 0000000000000000 ffffffff 00cf9300 DPL=0 DS   [-WA]
LDT=0000 0000000000000000 0000ffff 00008200 DPL=0 LDT
TR =0028 000000000020d5b8 00000067 00008900 DPL=0 TSS64-avl
GDT=     000000000020d578 0000003f
IDT=     000000000020d620 0000020f
CR0=80000011 CR2=0000000000000000 CR3=0000000000102000 CR4=00000020
DR0=0000000000000000 DR1=0000000000000000 DR2=0000000000000000 DR3=0000000000000000 
DR6=00000000ffff0ff0 DR7=0000000000000400
CCS=0000000000000085 CCD=ffffffffffffffc5 CCO=EFLAGS
EFER=0000000000000501
Servicing hardware INT=0x20
    44: v=20 e=0000 i=0 cpl=0 IP=0008:0000000000200d31 pc=0000000000200d31 SP=0010:00000000002fffc8 env->regs[R_EAX]=0000000000000002
RAX=0000000000000002 RBX=0000000000009500 RCX=000000000000002a RDX=00000000000003f8
RSI=000000000000001a RDI=0000000000000a00 RBP=0000000000000000 RSP=00000000002fffc8
R8 =0000000000000729 R9 =0000000000000001 R10=8080808080808080 R11=0000000000000038
R12=0000000000c4ce4c R13=0000000000000000 R14=0000000000000043 R15=0000000000000000
RIP=0000000000200d31 RFL=00000287 [--S--PC] CPL=0 II=0 A20=1 SMM=0 HLT=0
ES =0010 0000000000000000 ffffffff 00cf9300 DPL=0 DS   [-WA]
CS =0008 0000000000000000 ffffffff 00af9b00 DPL=0 CS64 [-RA]
SS =0010 0000000000000000 ffffffff 00cf9300 DPL=0 DS   [-WA]
DS =0010 0000000000000000 ffffffff 00cf9300 DPL=0 DS   [-WA]
FS =0010 0000000000000000 ffffffff 00cf9300 DPL=0 DS   [-WA]
GS =0010 0000000000000000 ffffffff 00cf9300 DPL=0 DS   [-WA]
LDT=0000 0000000000000000 0000ffff 00008200 DPL=0 LDT
TR =0028 000000000020d5b8 00000067 00008900 DPL=0 TSS64-avl
GDT=     000000000020d578 0000003f
IDT=     000000000020d620 0000020f
CR0=80000011 CR2=0000000000000000 CR3=0000000000102000 CR4=00000020
DR0=0000000000000000 DR1=0000000000000000 DR2=0000000000000000 DR3=0000000000000000 
DR6=00000000ffff0ff0 DR7=0000000000000400
CCS=0000000000000085 CCD=ffffffffffffffc6 CCO=EFLAGS
EFER=0000000000000501
Servicing hardware INT=0x20
    45: v=20 e=0000 i=0 cpl=0 IP=0008:0000000000200d31 pc=0000000000200d31 SP=0010:00000000002fffc8 env->regs[R_EAX]=0000000000000002
RAX=0000000000000002 RBX=0000000000009500 RCX=000000000000002b RDX=00000000000003f8
RSI=000000000000001a RDI=0000000000000a00 RBP=0000000000000000 RSP=00000000002fffc8
R8 =0000000000000729 R9 =0000000000000001 R10=8080808080808080 R11=0000000000000038
R12=0000000000c4ce4c R13=0000000000000000 R14=0000000000000043 R15=0000000000000000
RIP=0000000000200d31 RFL=00000283 [--S---C] CPL=0 II=0 A20=1 SMM=0 HLT=0
ES =0010 0000000000000000 ffffffff 00cf9300 DPL=0 DS   [-WA]
CS =0008 0000000000000000 ffffffff 00af9b00 DPL=0 CS64 [-RA]
SS =0010 0000000000000000 ffffffff 00cf9300 DPL=0 DS   [-WA]
DS =0010 0000000000000000 ffffffff 00cf9300 DPL=0 DS   [-WA]
FS =0010 0000000000000000 ffffffff 00cf9300 DPL=0 DS   [-WA]
GS =0010 0000000000000000 ffffffff 00cf9300 DPL=0 DS   [-WA]
LDT=0000 0000000000000000 0000ffff 00008200 DPL=0 LDT
TR =0028 000000000020d5b8 00000067 00008900 DPL=0 TSS64-avl
GDT=     000000000020d578 0000003f
IDT=     000000000020d620 0000020f
CR0=80000011 CR2=0000000000000000 CR3=0000000000102000 CR4=00000020
DR0=0000000000000000 DR1=0000000000000000 DR2=0000000000000000 DR3=0000000000000000 
DR6=00000000ffff0ff0 DR7=0000000000000400
CCS=0000000000000081 CCD=ffffffffffffffc7 CCO=EFLAGS
EFER=0000000000000501
Servicing hardware INT=0x20
    46: v=20 e=0000 i=0 cpl=0 IP=0008:0000000000200d31 pc=0000000000200d31 SP=0010:00000000002fffc8 env->regs[R_EAX]=0000000000000002
RAX=0000000000000002 RBX=0000000000009500 RCX=000000000000002c RDX=00000000000003f8
RSI=000000000000001a RDI=0000000000000a00 RBP=0000000000000000 RSP=00000000002fffc8
R8 =0000000000000729 R9 =0000000000000001 R10=8080808080808080 R11=0000000000000038
R12=0000000000c4ce4c R13=0000000000000000 R14=0000000000000043 R15=0000000000000000
RIP=0000000000200d31 RFL=00000283 [--S---C] CPL=0 II=0 A20=1 SMM=0 HLT=0
ES =0010 0000000000000000 ffffffff 00cf9300 DPL=0 DS   [-WA]
CS =0008 0000000000000000 ffffffff 00af9b00 DPL=0 CS64 [-RA]
SS =0010 0000000000000000 ffffffff 00cf9300 DPL=0 DS   [-WA]
DS =0010 0000000000000000 ffffffff 00cf9300 DPL=0 DS   [-WA]
FS =0010 0000000000000000 ffffffff 00cf9300 DPL=0 DS   [-WA]
GS =0010 0000000000000000 ffffffff 00cf9300 DPL=0 DS   [-WA]
LDT=0000 0000000000000000 0000ffff 00008200 DPL=0 LDT
TR =0028 000000000020d5b8 00000067 00008900 DPL=0 TSS64-avl
GDT=     000000000020d578 0000003f
IDT=     000000000020d620 0000020f
CR0=80000011 CR2=0000000000000000 CR3=0000000000102000 CR4=00000020
DR0=0000000000000000 DR1=0000000000000000 DR2=0000000000000000 DR3=0000000000000000 
DR6=00000000ffff0ff0 DR7=0000000000000400
CCS=0000000000000081 CCD=ffffffffffffffc8 CCO=EFLAGS
EFER=0000000000000501
Servicing hardware INT=0x20
    47: v=20 e=0000 i=0 cpl=0 IP=0008:0000000000200d31 pc=0000000000200d31 SP=0010:00000000002fffc8 env->regs[R_EAX]=0000000000000002
RAX=0000000000000002 RBX=0000000000009500 RCX=000000000000002d RDX=00000000000003f8
RSI=000000000000001a RDI=0000000000000a00 RBP=0000000000000000 RSP=00000000002fffc8
R8 =0000000000000729 R9 =0000000000000001 R10=8080808080808080 R11=0000000000000038
R12=0000000000c4ce4c R13=0000000000000000 R14=0000000000000043 R15=0000000000000000
RIP=0000000000200d31 RFL=00000287 [--S--PC] CPL=0 II=0 A20=1 SMM=0 HLT=0
ES =0010 0000000000000000 ffffffff 00cf9300 DPL=0 DS   [-WA]
CS =0008 0000000000000000 ffffffff 00af9b00 DPL=0 CS64 [-RA]
SS =0010 0000000000000000 ffffffff 00cf9300 DPL=0 DS   [-WA]
DS =0010 0000000000000000 ffffffff 00cf9300 DPL=0 DS   [-WA]
FS =0010 0000000000000000 ffffffff 00cf9300 DPL=0 DS   [-WA]
GS =0010 0000000000000000 ffffffff 00cf9300 DPL=0 DS   [-WA]
LDT=0000 0000000000000000 0000ffff 00008200 DPL=0 LDT
TR =0028 000000000020d5b8 00000067 00008900 DPL=0 TSS64-avl
GDT=     000000000020d578 0000003f
IDT=     000000000020d620 0000020f
CR0=80000011 CR2=0000000000000000 CR3=0000000000102000 CR4=00000020
DR0=0000000000000000 DR1=0000000000000000 DR2=0000000000000000 DR3=0000000000000000 
DR6=00000000ffff0ff0 DR7=0000000000000400
CCS=0000000000000085 CCD=ffffffffffffffc9 CCO=EFLAGS
EFER=0000000000000501
Servicing hardware INT=0x20
    48: v=20 e=0000 i=0 cpl=0 IP=0008:0000000000200d31 pc=0000000000200d31 SP=0010:00000000002fffc8 env->regs[R_EAX]=0000000000000002
RAX=0000000000000002 RBX=0000000000009500 RCX=000000000000002e RDX=00000000000003f8
RSI=000000000000001a RDI=0000000000000a00 RBP=0000000000000000 RSP=00000000002fffc8
R8 =0000000000000729 R9 =0000000000000001 R10=8080808080808080 R11=0000000000000038
R12=0000000000c4ce4c R13=0000000000000000 R14=0000000000000043 R15=0000000000000000
RIP=0000000000200d31 RFL=00000287 [--S--PC] CPL=0 II=0 A20=1 SMM=0 HLT=0
ES =0010 0000000000000000 ffffffff 00cf9300 DPL=0 DS   [-WA]
CS =0008 0000000000000000 ffffffff 00af9b00 DPL=0 CS64 [-RA]
SS =0010 0000000000000000 ffffffff 00cf9300 DPL=0 DS   [-WA]
DS =0010 0000000000000000 ffffffff 00cf9300 DPL=0 DS   [-WA]
FS =0010 0000000000000000 ffffffff 00cf9300 DPL=0 DS   [-WA]
GS =0010 0000000000000000 ffffffff 00cf9300 DPL=0 DS   [-WA]
LDT=0000 0000000000000000 0000ffff 00008200 DPL=0 LDT
TR =0028 000000000020d5b8 00000067 00008900 DPL=0 TSS64-avl
GDT=     000000000020d578 0000003f
IDT=     000000000020d620 0000020f
CR0=80000011 CR2=0000000000000000 CR3=0000000000102000 CR4=00000020
DR0=0000000000000000 DR1=0000000000000000 DR2=0000000000000000 DR3=0000000000000000 
DR6=00000000ffff0ff0 DR7=0000000000000400
CCS=0000000000000085 CCD=ffffffffffffffca CCO=EFLAGS
EFER=0000000000000501
Servicing hardware INT=0x20
    49: v=20 e=0000 i=0 cpl=0 IP=0008:0000000000200d31 pc=0000000000200d31 SP=0010:00000000002fffc8 env->regs[R_EAX]=0000000000000002
RAX=0000000000000002 RBX=0000000000009500 RCX=000000000000002f RDX=00000000000003f8
RSI=000000000000001a RDI=0000000000000a00 RBP=0000000000000000 RSP=00000000002fffc8
R8 =0000000000000729 R9 =0000000000000001 R10=8080808080808080 R11=0000000000000038
R12=0000000000c4ce4c R13=0000000000000000 R14=0000000000000043 R15=0000000000000000
RIP=0000000000200d31 RFL=00000283 [--S---C] CPL=0 II=0 A20=1 SMM=0 HLT=0
ES =0010 0000000000000000 ffffffff 00cf9300 DPL=0 DS   [-WA]
CS =0008 0000000000000000 ffffffff 00af9b00 DPL=0 CS64 [-RA]
SS =0010 0000000000000000 ffffffff 00cf9300 DPL=0 DS   [-WA]
DS =0010 0000000000000000 ffffffff 00cf9300 DPL=0 DS   [-WA]
FS =0010 0000000000000000 ffffffff 00cf9300 DPL=0 DS   [-WA]
GS =0010 0000000000000000 ffffffff 00cf9300 DPL=0 DS   [-WA]
LDT=0000 0000000000000000 0000ffff 00008200 DPL=0 LDT
TR =0028 000000000020d5b8 00000067 00008900 DPL=0 TSS64-avl
GDT=     000000000020d578 0000003f
IDT=     000000000020d620 0000020f
CR0=80000011 CR2=0000000000000000 CR3=0000000000102000 CR4=00000020
DR0=0000000000000000 DR1=0000000000000000 DR2=0000000000000000 DR3=0000000000000000 
DR6=00000000ffff0ff0 DR7=0000000000000400
CCS=0000000000000081 CCD=ffffffffffffffcb CCO=EFLAGS
EFER=0000000000000501
Servicing hardware INT=0x20
    50: v=20 e=0000 i=0 cpl=0 IP=0008:0000000000200d31 pc=0000000000200d31 SP=0010:00000000002fffc8 env->regs[R_EAX]=0000000000000002
RAX=0000000000000002 RBX=0000000000009500 RCX=0000000000000030 RDX=00000000000003f8
RSI=000000000000001a RDI=0000000000000a00 RBP=0000000000000000 RSP=00000000002fffc8
R8 =0000000000000729 R9 =0000000000000001 R10=8080808080808080 R11=0000000000000038
R12=0000000000c4ce4c R13=0000000000000000 R14=0000000000000043 R15=0000000000000000
RIP=0000000000200d31 RFL=00000297 [--S-APC] CPL=0 II=0 A20=1 SMM=0 HLT=0
ES =0010 0000000000000000 ffffffff 00cf9300 DPL=0 DS   [-WA]
CS =0008 0000000000000000 ffffffff 00af9b00 DPL=0 CS64 [-RA]
SS =0010 0000000000000000 ffffffff 00cf9300 DPL=0 DS   [-WA]
DS =0010 0000000000000000 ffffffff 00cf9300 DPL=0 DS   [-WA]
FS =0010 0000000000000000 ffffffff 00cf9300 DPL=0 DS   [-WA]
GS =0010 0000000000000000 ffffffff 00cf9300 DPL=0 DS   [-WA]
LDT=0000 0000000000000000 0000ffff 00008200 DPL=0 LDT
TR =0028 000000000020d5b8 00000067 00008900 DPL=0 TSS64-avl
GDT=     000000000020d578 0000003f
IDT=     000000000020d620 0000020f
CR0=80000011 CR2=0000000000000000 CR3=0000000000102000 CR4=00000020
DR0=0000000000000000 DR1=0000000000000000 DR2=0000000000000000 DR3=0000000000000000 
DR6=00000000ffff0ff0 DR7=0000000000000400
CCS=0000000000000095 CCD=ffffffffffffffcc CCO=EFLAGS
EFER=0000000000000501
Servicing hardware INT=0x20
    51: v=20 e=0000 i=0 cpl=0 IP=0008:0000000000200d31 pc=0000000000200d31 SP=0010:00000000002fffc8 env->regs[R_EAX]=0000000000000002
RAX=0000000000000002 RBX=0000000000009500 RCX=0000000000000031 RDX=00000000000003f8
RSI=000000000000001a RDI=0000000000000a00 RBP=0000000000000000 RSP=00000000002fffc8
R8 =0000000000000729 R9 =0000000000000001 R10=8080808080808080 R11=0000000000000038
R12=0000000000c4ce4c R13=0000000000000000 R14=0000000000000043 R15=0000000000000000
RIP=0000000000200d31 RFL=00000293 [--S-A-C] CPL=0 II=0 A20=1 SMM=0 HLT=0
ES =0010 0000000000000000 ffffffff 00cf9300 DPL=0 DS   [-WA]
CS =0008 0000000000000000 ffffffff 00af9b00 DPL=0 CS64 [-RA]
SS =0010 0000000000000000 ffffffff 00cf9300 DPL=0 DS   [-WA]
DS =0010 0000000000000000 ffffffff 00cf9300 DPL=0 DS   [-WA]
FS =0010 0000000000000000 ffffffff 00cf9300 DPL=0 DS   [-WA]
GS =0010 0000000000000000 ffffffff 00cf9300 DPL=0 DS   [-WA]
LDT=0000 0000000000000000 0000ffff 00008200 DPL=0 LDT
TR =0028 000000000020d5b8 00000067 00008900 DPL=0 TSS64-avl
GDT=     000000000020d578 0000003f
IDT=     000000000020d620 0000020f
CR0=80000011 CR2=0000000000000000 CR3=0000000000102000 CR4=00000020
DR0=0000000000000000 DR1=0000000000000000 DR2=0000000000000000 DR3=0000000000000000 
DR6=00000000ffff0ff0 DR7=0000000000000400
CCS=0000000000000091 CCD=ffffffffffffffcd CCO=EFLAGS
EFER=0000000000000501
Servicing hardware INT=0x20
    52: v=20 e=0000 i=0 cpl=0 IP=0008:0000000000200d31 pc=0000000000200d31 SP=0010:00000000002fffc8 env->regs[R_EAX]=0000000000000002
RAX=0000000000000002 RBX=0000000000009500 RCX=0000000000000032 RDX=00000000000003f8
RSI=000000000000001a RDI=0000000000000a00 RBP=0000000000000000 RSP=00000000002fffc8
R8 =0000000000000729 R9 =0000000000000001 R10=8080808080808080 R11=0000000000000038
R12=0000000000c4ce4c R13=0000000000000000 R14=0000000000000043 R15=0000000000000000
RIP=0000000000200d31 RFL=00000293 [--S-A-C] CPL=0 II=0 A20=1 SMM=0 HLT=0
ES =0010 0000000000000000 ffffffff 00cf9300 DPL=0 DS   [-WA]
CS =0008 0000000000000000 ffffffff 00af9b00 DPL=0 CS64 [-RA]
SS =0010 0000000000000000 ffffffff 00cf9300 DPL=0 DS   [-WA]
DS =0010 0000000000000000 ffffffff 00cf9300 DPL=0 DS   [-WA]
FS =0010 0000000000000000 ffffffff 00cf9300 DPL=0 DS   [-WA]
GS =0010 0000000000000000 ffffffff 00cf9300 DPL=0 DS   [-WA]
LDT=0000 0000000000000000 0000ffff 00008200 DPL=0 LDT
TR =0028 000000000020d5b8 00000067 00008900 DPL=0 TSS64-avl
GDT=     000000000020d578 0000003f
IDT=     000000000020d620 0000020f
CR0=80000011 CR2=0000000000000000 CR3=0000000000102000 CR4=00000020
DR0=0000000000000000 DR1=0000000000000000 DR2=0000000000000000 DR3=0000000000000000 
DR6=00000000ffff0ff0 DR7=0000000000000400
CCS=0000000000000091 CCD=ffffffffffffffce CCO=EFLAGS
EFER=0000000000000501
Servicing hardware INT=0x20
    53: v=20 e=0000 i=0 cpl=0 IP=0008:0000000000200d31 pc=0000000000200d31 SP=0010:00000000002fffc8 env->regs[R_EAX]=0000000000000002
RAX=0000000000000002 RBX=0000000000009500 RCX=0000000000000033 RDX=00000000000003f8
RSI=000000000000001a RDI=0000000000000a00 RBP=0000000000000000 RSP=00000000002fffc8
R8 =0000000000000729 R9 =0000000000000001 R10=8080808080808080 R11=0000000000000038
R12=0000000000c4ce4c R13=0000000000000000 R14=0000000000000043 R15=0000000000000000
RIP=0000000000200d31 RFL=00000297 [--S-APC] CPL=0 II=0 A20=1 SMM=0 HLT=0
ES =0010 0000000000000000 ffffffff 00cf9300 DPL=0 DS   [-WA]
CS =0008 0000000000000000 ffffffff 00af9b00 DPL=0 CS64 [-RA]
SS =0010 0000000000000000 ffffffff 00cf9300 DPL=0 DS   [-WA]
DS =0010 0000000000000000 ffffffff 00cf9300 DPL=0 DS   [-WA]
FS =0010 0000000000000000 ffffffff 00cf9300 DPL=0 DS   [-WA]
GS =0010 0000000000000000 ffffffff 00cf9300 DPL=0 DS   [-WA]
LDT=0000 0000000000000000 0000ffff 00008200 DPL=0 LDT
TR =0028 000000000020d5b8 00000067 00008900 DPL=0 TSS64-avl
GDT=     000000000020d578 0000003f
IDT=     000000000020d620 0000020f
CR0=80000011 CR2=0000000000000000 CR3=0000000000102000 CR4=00000020
DR0=0000000000000000 DR1=0000000000000000 DR2=0000000000000000 DR3=0000000000000000 
DR6=00000000ffff0ff0 DR7=0000000000000400
CCS=0000000000000095 CCD=ffffffffffffffcf CCO=EFLAGS
EFER=0000000000000501
Servicing hardware INT=0x20
    54: v=20 e=0000 i=0 cpl=0 IP=0008:0000000000200d31 pc=0000000000200d31 SP=0010:00000000002fffc8 env->regs[R_EAX]=0000000000000002
RAX=0000000000000002 RBX=0000000000009500 RCX=0000000000000034 RDX=00000000000003f8
RSI=000000000000001a RDI=0000000000000a00 RBP=0000000000000000 RSP=00000000002fffc8
R8 =0000000000000729 R9 =0000000000000001 R10=8080808080808080 R11=0000000000000038
R12=0000000000c4ce4c R13=0000000000000000 R14=0000000000000043 R15=0000000000000000
RIP=0000000000200d31 RFL=00000283 [--S---C] CPL=0 II=0 A20=1 SMM=0 HLT=0
ES =0010 0000000000000000 ffffffff 00cf9300 DPL=0 DS   [-WA]
CS =0008 0000000000000000 ffffffff 00af9b00 DPL=0 CS64 [-RA]
SS =0010 0000000000000000 ffffffff 00cf9300 DPL=0 DS   [-WA]
DS =0010 0000000000000000 ffffffff 00cf9300 DPL=0 DS   [-WA]
FS =0010 0000000000000000 ffffffff 00cf9300 DPL=0 DS   [-WA]
GS =0010 0000000000000000 ffffffff 00cf9300 DPL=0 DS   [-WA]
LDT=0000 0000000000000000 0000ffff 00008200 DPL=0 LDT
TR =0028 000000000020d5b8 00000067 00008900 DPL=0 TSS64-avl
GDT=     000000000020d578 0000003f
IDT=     000000000020d620 0000020f
CR0=80000011 CR2=0000000000000000 CR3=0000000000102000 CR4=00000020
DR0=0000000000000000 DR1=0000000000000000 DR2=0000000000000000 DR3=0000000000000000 
DR6=00000000ffff0ff0 DR7=0000000000000400
CCS=0000000000000081 CCD=ffffffffffffffd0 CCO=EFLAGS
EFER=0000000000000501
Servicing hardware INT=0x20
    55: v=20 e=0000 i=0 cpl=0 IP=0008:0000000000200d31 pc=0000000000200d31 SP=0010:00000000002fffc8 env->regs[R_EAX]=0000000000000002
RAX=0000000000000002 RBX=0000000000009500 RCX=0000000000000035 RDX=00000000000003f8
RSI=000000000000001a RDI=0000000000000a00 RBP=0000000000000000 RSP=00000000002fffc8
R8 =0000000000000729 R9 =0000000000000001 R10=8080808080808080 R11=0000000000000038
R12=0000000000c4ce4c R13=0000000000000000 R14=0000000000000043 R15=0000000000000000
RIP=0000000000200d31 RFL=00000287 [--S--PC] CPL=0 II=0 A20=1 SMM=0 HLT=0
ES =0010 0000000000000000 ffffffff 00cf9300 DPL=0 DS   [-WA]
CS =0008 0000000000000000 ffffffff 00af9b00 DPL=0 CS64 [-RA]
SS =0010 0000000000000000 ffffffff 00cf9300 DPL=0 DS   [-WA]
DS =0010 0000000000000000 ffffffff 00cf9300 DPL=0 DS   [-WA]
FS =0010 0000000000000000 ffffffff 00cf9300 DPL=0 DS   [-WA]
GS =0010 0000000000000000 ffffffff 00cf9300 DPL=0 DS   [-WA]
LDT=0000 0000000000000000 0000ffff 00008200 DPL=0 LDT
TR =0028 000000000020d5b8 00000067 00008900 DPL=0 TSS64-avl
GDT=     000000000020d578 0000003f
IDT=     000000000020d620 0000020f
CR0=80000011 CR2=0000000000000000 CR3=0000000000102000 CR4=00000020
DR0=0000000000000000 DR1=0000000000000000 DR2=0000000000000000 DR3=0000000000000000 
DR6=00000000ffff0ff0 DR7=0000000000000400
CCS=0000000000000085 CCD=ffffffffffffffd1 CCO=EFLAGS
EFER=0000000000000501
Servicing hardware INT=0x20
    56: v=20 e=0000 i=0 cpl=0 IP=0008:0000000000200d31 pc=0000000000200d31 SP=0010:00000000002fffc8 env->regs[R_EAX]=0000000000000002
RAX=0000000000000002 RBX=0000000000009500 RCX=0000000000000036 RDX=00000000000003f8
RSI=000000000000001a RDI=0000000000000a00 RBP=0000000000000000 RSP=00000000002fffc8
R8 =0000000000000729 R9 =0000000000000001 R10=8080808080808080 R11=0000000000000038
R12=0000000000c4ce4c R13=0000000000000000 R14=0000000000000043 R15=0000000000000000
RIP=0000000000200d31 RFL=00000287 [--S--PC] CPL=0 II=0 A20=1 SMM=0 HLT=0
ES =0010 0000000000000000 ffffffff 00cf9300 DPL=0 DS   [-WA]
CS =0008 0000000000000000 ffffffff 00af9b00 DPL=0 CS64 [-RA]
SS =0010 0000000000000000 ffffffff 00cf9300 DPL=0 DS   [-WA]
DS =0010 0000000000000000 ffffffff 00cf9300 DPL=0 DS   [-WA]
FS =0010 0000000000000000 ffffffff 00cf9300 DPL=0 DS   [-WA]
GS =0010 0000000000000000 ffffffff 00cf9300 DPL=0 DS   [-WA]
LDT=0000 0000000000000000 0000ffff 00008200 DPL=0 LDT
TR =0028 000000000020d5b8 00000067 00008900 DPL=0 TSS64-avl
GDT=     000000000020d578 0000003f
IDT=     000000000020d620 0000020f
CR0=80000011 CR2=0000000000000000 CR3=0000000000102000 CR4=00000020
DR0=0000000000000000 DR1=0000000000000000 DR2=0000000000000000 DR3=0000000000000000 
DR6=00000000ffff0ff0 DR7=0000000000000400
CCS=0000000000000085 CCD=ffffffffffffffd2 CCO=EFLAGS
EFER=0000000000000501
Servicing hardware INT=0x20
    57: v=20 e=0000 i=0 cpl=0 IP=0008:0000000000200d31 pc=0000000000200d31 SP=0010:00000000002fffc8 env->regs[R_EAX]=0000000000000002
RAX=0000000000000002 RBX=0000000000009500 RCX=0000000000000037 RDX=00000000000003f8
RSI=000000000000001a RDI=0000000000000a00 RBP=0000000000000000 RSP=00000000002fffc8
R8 =0000000000000729 R9 =0000000000000001 R10=8080808080808080 R11=0000000000000038
R12=0000000000c4ce4c R13=0000000000000000 R14=0000000000000043 R15=0000000000000000
RIP=0000000000200d31 RFL=00000283 [--S---C] CPL=0 II=0 A20=1 SMM=0 HLT=0
ES =0010 0000000000000000 ffffffff 00cf9300 DPL=0 DS   [-WA]
CS =0008 0000000000000000 ffffffff 00af9b00 DPL=0 CS64 [-RA]
SS =0010 0000000000000000 ffffffff 00cf9300 DPL=0 DS   [-WA]
DS =0010 0000000000000000 ffffffff 00cf9300 DPL=0 DS   [-WA]
FS =0010 0000000000000000 ffffffff 00cf9300 DPL=0 DS   [-WA]
GS =0010 0000000000000000 ffffffff 00cf9300 DPL=0 DS   [-WA]
LDT=0000 0000000000000000 0000ffff 00008200 DPL=0 LDT
TR =0028 000000000020d5b8 00000067 00008900 DPL=0 TSS64-avl
GDT=     000000000020d578 0000003f
IDT=     000000000020d620 0000020f
CR0=80000011 CR2=0000000000000000 CR3=0000000000102000 CR4=00000020
DR0=0000000000000000 DR1=0000000000000000 DR2=0000000000000000 DR3=0000000000000000 
DR6=00000000ffff0ff0 DR7=0000000000000400
CCS=0000000000000081 CCD=ffffffffffffffd3 CCO=EFLAGS
EFER=0000000000000501
Servicing hardware INT=0x20
    58: v=20 e=0000 i=0 cpl=0 IP=0008:0000000000200d31 pc=0000000000200d31 SP=0010:00000000002fffc8 env->regs[R_EAX]=0000000000000002
RAX=0000000000000002 RBX=0000000000009500 RCX=0000000000000038 RDX=00000000000003f8
RSI=000000000000001a RDI=0000000000000a00 RBP=0000000000000000 RSP=00000000002fffc8
R8 =0000000000000729 R9 =0000000000000001 R10=8080808080808080 R11=0000000000000038
R12=0000000000c4ce4c R13=0000000000000000 R14=0000000000000043 R15=0000000000000000
RIP=0000000000200d31 RFL=00000287 [--S--PC] CPL=0 II=0 A20=1 SMM=0 HLT=0
ES =0010 0000000000000000 ffffffff 00cf9300 DPL=0 DS   [-WA]
CS =0008 0000000000000000 ffffffff 00af9b00 DPL=0 CS64 [-RA]
SS =0010 0000000000000000 ffffffff 00cf9300 DPL=0 DS   [-WA]
DS =0010 0000000000000000 ffffffff 00cf9300 DPL=0 DS   [-WA]
FS =0010 0000000000000000 ffffffff 00cf9300 DPL=0 DS   [-WA]
GS =0010 0000000000000000 ffffffff 00cf9300 DPL=0 DS   [-WA]
LDT=0000 0000000000000000 0000ffff 00008200 DPL=0 LDT
TR =0028 000000000020d5b8 00000067 00008900 DPL=0 TSS64-avl
GDT=     000000000020d578 0000003f
IDT=     000000000020d620 0000020f
CR0=80000011 CR2=0000000000000000 CR3=0000000000102000 CR4=00000020
DR0=0000000000000000 DR1=0000000000000000 DR2=0000000000000000 DR3=0000000000000000 
DR6=00000000ffff0ff0 DR7=0000000000000400
CCS=0000000000000085 CCD=ffffffffffffffd4 CCO=EFLAGS
EFER=0000000000000501
Servicing hardware INT=0x20
    59: v=20 e=0000 i=0 cpl=0 IP=0008:0000000000200d31 pc=0000000000200d31 SP=0010:00000000002fffc8 env->regs[R_EAX]=0000000000000002
RAX=0000000000000002 RBX=0000000000009500 RCX=0000000000000039 RDX=00000000000003f8
RSI=000000000000001a RDI=0000000000000a00 RBP=0000000000000000 RSP=00000000002fffc8
R8 =0000000000000729 R9 =0000000000000001 R10=8080808080808080 R11=0000000000000038
R12=0000000000c4ce4c R13=0000000000000000 R14=0000000000000043 R15=0000000000000000
RIP=0000000000200d31 RFL=00000283 [--S---C] CPL=0 II=0 A20=1 SMM=0 HLT=0
ES =0010 0000000000000000 ffffffff 00cf9300 DPL=0 DS   [-WA]
CS =0008 0000000000000000 ffffffff 00af9b00 DPL=0 CS64 [-RA]
SS =0010 0000000000000000 ffffffff 00cf9300 DPL=0 DS   [-WA]
DS =0010 0000000000000000 ffffffff 00cf9300 DPL=0 DS   [-WA]
FS =0010 0000000000000000 ffffffff 00cf9300 DPL=0 DS   [-WA]
GS =0010 0000000000000000 ffffffff 00cf9300 DPL=0 DS   [-WA]
LDT=0000 0000000000000000 0000ffff 00008200 DPL=0 LDT
TR =0028 000000000020d5b8 00000067 00008900 DPL=0 TSS64-avl
GDT=     000000000020d578 0000003f
IDT=     000000000020d620 0000020f
CR0=80000011 CR2=0000000000000000 CR3=0000000000102000 CR4=00000020
DR0=0000000000000000 DR1=0000000000000000 DR2=0000000000000000 DR3=0000000000000000 
DR6=00000000ffff0ff0 DR7=0000000000000400
CCS=0000000000000081 CCD=ffffffffffffffd5 CCO=EFLAGS
EFER=0000000000000501
Servicing hardware INT=0x20
    60: v=20 e=0000 i=0 cpl=0 IP=0008:0000000000200d31 pc=0000000000200d31 SP=0010:00000000002fffc8 env->regs[R_EAX]=0000000000000002
RAX=0000000000000002 RBX=0000000000009500 RCX=000000000000003a RDX=00000000000003f8
RSI=000000000000001a RDI=0000000000000a00 RBP=0000000000000000 RSP=00000000002fffc8
R8 =0000000000000729 R9 =0000000000000001 R10=8080808080808080 R11=0000000000000038
R12=0000000000c4ce4c R13=0000000000000000 R14=0000000000000043 R15=0000000000000000
RIP=0000000000200d31 RFL=00000283 [--S---C] CPL=0 II=0 A20=1 SMM=0 HLT=0
ES =0010 0000000000000000 ffffffff 00cf9300 DPL=0 DS   [-WA]
CS =0008 0000000000000000 ffffffff 00af9b00 DPL=0 CS64 [-RA]
SS =0010 0000000000000000 ffffffff 00cf9300 DPL=0 DS   [-WA]
DS =0010 0000000000000000 ffffffff 00cf9300 DPL=0 DS   [-WA]
FS =0010 0000000000000000 ffffffff 00cf9300 DPL=0 DS   [-WA]
GS =0010 0000000000000000 ffffffff 00cf9300 DPL=0 DS   [-WA]
LDT=0000 0000000000000000 0000ffff 00008200 DPL=0 LDT
TR =0028 000000000020d5b8 00000067 00008900 DPL=0 TSS64-avl
GDT=     000000000020d578 0000003f
IDT=     000000000020d620 0000020f
CR0=80000011 CR2=0000000000000000 CR3=0000000000102000 CR4=00000020
DR0=0000000000000000 DR1=0000000000000000 DR2=0000000000000000 DR3=0000000000000000 
DR6=00000000ffff0ff0 DR7=0000000000000400
CCS=0000000000000081 CCD=ffffffffffffffd6 CCO=EFLAGS
EFER=0000000000000501
Servicing hardware INT=0x20
    61: v=20 e=0000 i=0 cpl=0 IP=0008:0000000000200d31 pc=0000000000200d31 SP=0010:00000000002fffc8 env->regs[R_EAX]=0000000000000002
RAX=0000000000000002 RBX=0000000000009500 RCX=000000000000003b RDX=00000000000003f8
RSI=000000000000001a RDI=0000000000000a00 RBP=0000000000000000 RSP=00000000002fffc8
R8 =0000000000000729 R9 =0000000000000001 R10=8080808080808080 R11=0000000000000038
R12=0000000000c4ce4c R13=0000000000000000 R14=0000000000000043 R15=0000000000000000
RIP=0000000000200d31 RFL=00000287 [--S--PC] CPL=0 II=0 A20=1 SMM=0 HLT=0
ES =0010 0000000000000000 ffffffff 00cf9300 DPL=0 DS   [-WA]
CS =0008 0000000000000000 ffffffff 00af9b00 DPL=0 CS64 [-RA]
SS =0010 0000000000000000 ffffffff 00cf9300 DPL=0 DS   [-WA]
DS =0010 0000000000000000 ffffffff 00cf9300 DPL=0 DS   [-WA]
FS =0010 0000000000000000 ffffffff 00cf9300 DPL=0 DS   [-WA]
GS =0010 0000000000000000 ffffffff 00cf9300 DPL=0 DS   [-WA]
LDT=0000 0000000000000000 0000ffff 00008200 DPL=0 LDT
TR =0028 000000000020d5b8 00000067 00008900 DPL=0 TSS64-avl
GDT=     000000000020d578 0000003f
IDT=     000000000020d620 0000020f
CR0=80000011 CR2=0000000000000000 CR3=0000000000102000 CR4=00000020
DR0=0000000000000000 DR1=0000000000000000 DR2=0000000000000000 DR3=0000000000000000 
DR6=00000000ffff0ff0 DR7=0000000000000400
CCS=0000000000000085 CCD=ffffffffffffffd7 CCO=EFLAGS
EFER=0000000000000501
Servicing hardware INT=0x20
    62: v=20 e=0000 i=0 cpl=0 IP=0008:0000000000200d31 pc=0000000000200d31 SP=0010:00000000002fffc8 env->regs[R_EAX]=0000000000000002
RAX=0000000000000002 RBX=0000000000009500 RCX=000000000000003c RDX=00000000000003f8
RSI=000000000000001a RDI=0000000000000a00 RBP=0000000000000000 RSP=00000000002fffc8
R8 =0000000000000729 R9 =0000000000000001 R10=8080808080808080 R11=0000000000000038
R12=0000000000c4ce4c R13=0000000000000000 R14=0000000000000043 R15=0000000000000000
RIP=0000000000200d31 RFL=00000287 [--S--PC] CPL=0 II=0 A20=1 SMM=0 HLT=0
ES =0010 0000000000000000 ffffffff 00cf9300 DPL=0 DS   [-WA]
CS =0008 0000000000000000 ffffffff 00af9b00 DPL=0 CS64 [-RA]
SS =0010 0000000000000000 ffffffff 00cf9300 DPL=0 DS   [-WA]
DS =0010 0000000000000000 ffffffff 00cf9300 DPL=0 DS   [-WA]
FS =0010 0000000000000000 ffffffff 00cf9300 DPL=0 DS   [-WA]
GS =0010 0000000000000000 ffffffff 00cf9300 DPL=0 DS   [-WA]
LDT=0000 0000000000000000 0000ffff 00008200 DPL=0 LDT
TR =0028 000000000020d5b8 00000067 00008900 DPL=0 TSS64-avl
GDT=     000000000020d578 0000003f
IDT=     000000000020d620 0000020f
CR0=80000011 CR2=0000000000000000 CR3=0000000000102000 CR4=00000020
DR0=0000000000000000 DR1=0000000000000000 DR2=0000000000000000 DR3=0000000000000000 
DR6=00000000ffff0ff0 DR7=0000000000000400
CCS=0000000000000085 CCD=ffffffffffffffd8 CCO=EFLAGS
EFER=0000000000000501
Servicing hardware INT=0x20
    63: v=20 e=0000 i=0 cpl=0 IP=0008:0000000000200d31 pc=0000000000200d31 SP=0010:00000000002fffc8 env->regs[R_EAX]=0000000000000002
RAX=0000000000000002 RBX=0000000000009500 RCX=000000000000003d RDX=00000000000003f8
RSI=000000000000001a RDI=0000000000000a00 RBP=0000000000000000 RSP=00000000002fffc8
R8 =0000000000000729 R9 =0000000000000001 R10=8080808080808080 R11=0000000000000038
R12=0000000000c4ce4c R13=0000000000000000 R14=0000000000000043 R15=0000000000000000
RIP=0000000000200d31 RFL=00000283 [--S---C] CPL=0 II=0 A20=1 SMM=0 HLT=0
ES =0010 0000000000000000 ffffffff 00cf9300 DPL=0 DS   [-WA]
CS =0008 0000000000000000 ffffffff 00af9b00 DPL=0 CS64 [-RA]
SS =0010 0000000000000000 ffffffff 00cf9300 DPL=0 DS   [-WA]
DS =0010 0000000000000000 ffffffff 00cf9300 DPL=0 DS   [-WA]
FS =0010 0000000000000000 ffffffff 00cf9300 DPL=0 DS   [-WA]
GS =0010 0000000000000000 ffffffff 00cf9300 DPL=0 DS   [-WA]
LDT=0000 0000000000000000 0000ffff 00008200 DPL=0 LDT
TR =0028 000000000020d5b8 00000067 00008900 DPL=0 TSS64-avl
GDT=     000000000020d578 0000003f
IDT=     000000000020d620 0000020f
CR0=80000011 CR2=0000000000000000 CR3=0000000000102000 CR4=00000020
DR0=0000000000000000 DR1=0000000000000000 DR2=0000000000000000 DR3=0000000000000000 
DR6=00000000ffff0ff0 DR7=0000000000000400
CCS=0000000000000081 CCD=ffffffffffffffd9 CCO=EFLAGS
EFER=0000000000000501
Servicing hardware INT=0x20
    64: v=20 e=0000 i=0 cpl=0 IP=0008:0000000000200d31 pc=0000000000200d31 SP=0010:00000000002fffc8 env->regs[R_EAX]=0000000000000002
RAX=0000000000000002 RBX=0000000000009500 RCX=000000000000003e RDX=00000000000003f8
RSI=000000000000001a RDI=0000000000000a00 RBP=0000000000000000 RSP=00000000002fffc8
R8 =0000000000000729 R9 =0000000000000001 R10=8080808080808080 R11=0000000000000038
R12=0000000000c4ce4c R13=0000000000000000 R14=0000000000000043 R15=0000000000000000
RIP=0000000000200d31 RFL=00000283 [--S---C] CPL=0 II=0 A20=1 SMM=0 HLT=0
ES =0010 0000000000000000 ffffffff 00cf9300 DPL=0 DS   [-WA]
CS =0008 0000000000000000 ffffffff 00af9b00 DPL=0 CS64 [-RA]
SS =0010 0000000000000000 ffffffff 00cf9300 DPL=0 DS   [-WA]
DS =0010 0000000000000000 ffffffff 00cf9300 DPL=0 DS   [-WA]
FS =0010 0000000000000000 ffffffff 00cf9300 DPL=0 DS   [-WA]
GS =0010 0000000000000000 ffffffff 00cf9300 DPL=0 DS   [-WA]
LDT=0000 0000000000000000 0000ffff 00008200 DPL=0 LDT
TR =0028 000000000020d5b8 00000067 00008900 DPL=0 TSS64-avl
GDT=     000000000020d578 0000003f
IDT=     000000000020d620 0000020f
CR0=80000011 CR2=0000000000000000 CR3=0000000000102000 CR4=00000020
DR0=0000000000000000 DR1=0000000000000000 DR2=0000000000000000 DR3=0000000000000000 
DR6=00000000ffff0ff0 DR7=0000000000000400
CCS=0000000000000081 CCD=ffffffffffffffda CCO=EFLAGS
EFER=0000000000000501
Servicing hardware INT=0x20
    65: v=20 e=0000 i=0 cpl=0 IP=0008:0000000000200d31 pc=0000000000200d31 SP=0010:00000000002fffc8 env->regs[R_EAX]=0000000000000002
RAX=0000000000000002 RBX=0000000000009500 RCX=000000000000003f RDX=00000000000003f8
RSI=000000000000001a RDI=0000000000000a00 RBP=0000000000000000 RSP=00000000002fffc8
R8 =0000000000000729 R9 =0000000000000001 R10=8080808080808080 R11=0000000000000038
R12=0000000000c4ce4c R13=0000000000000000 R14=0000000000000043 R15=0000000000000000
RIP=0000000000200d31 RFL=00000287 [--S--PC] CPL=0 II=0 A20=1 SMM=0 HLT=0
ES =0010 0000000000000000 ffffffff 00cf9300 DPL=0 DS   [-WA]
CS =0008 0000000000000000 ffffffff 00af9b00 DPL=0 CS64 [-RA]
SS =0010 0000000000000000 ffffffff 00cf9300 DPL=0 DS   [-WA]
DS =0010 0000000000000000 ffffffff 00cf9300 DPL=0 DS   [-WA]
FS =0010 0000000000000000 ffffffff 00cf9300 DPL=0 DS   [-WA]
GS =0010 0000000000000000 ffffffff 00cf9300 DPL=0 DS   [-WA]
LDT=0000 0000000000000000 0000ffff 00008200 DPL=0 LDT
TR =0028 000000000020d5b8 00000067 00008900 DPL=0 TSS64-avl
GDT=     000000000020d578 0000003f
IDT=     000000000020d620 0000020f
CR0=80000011 CR2=0000000000000000 CR3=0000000000102000 CR4=00000020
DR0=0000000000000000 DR1=0000000000000000 DR2=0000000000000000 DR3=0000000000000000 
DR6=00000000ffff0ff0 DR7=0000000000000400
CCS=0000000000000085 CCD=ffffffffffffffdb CCO=EFLAGS
EFER=0000000000000501
Servicing hardware INT=0x20
    66: v=20 e=0000 i=0 cpl=0 IP=0008:0000000000200d31 pc=0000000000200d31 SP=0010:00000000002fffc8 env->regs[R_EAX]=0000000000000002
RAX=0000000000000002 RBX=0000000000009500 RCX=0000000000000040 RDX=00000000000003f8
RSI=000000000000001a RDI=0000000000000a00 RBP=0000000000000000 RSP=00000000002fffc8
R8 =0000000000000729 R9 =0000000000000001 R10=8080808080808080 R11=0000000000000038
R12=0000000000c4ce4c R13=0000000000000000 R14=0000000000000043 R15=0000000000000000
RIP=0000000000200d31 RFL=00000293 [--S-A-C] CPL=0 II=0 A20=1 SMM=0 HLT=0
ES =0010 0000000000000000 ffffffff 00cf9300 DPL=0 DS   [-WA]
CS =0008 0000000000000000 ffffffff 00af9b00 DPL=0 CS64 [-RA]
SS =0010 0000000000000000 ffffffff 00cf9300 DPL=0 DS   [-WA]
DS =0010 0000000000000000 ffffffff 00cf9300 DPL=0 DS   [-WA]
FS =0010 0000000000000000 ffffffff 00cf9300 DPL=0 DS   [-WA]
GS =0010 0000000000000000 ffffffff 00cf9300 DPL=0 DS   [-WA]
LDT=0000 0000000000000000 0000ffff 00008200 DPL=0 LDT
TR =0028 000000000020d5b8 00000067 00008900 DPL=0 TSS64-avl
GDT=     000000000020d578 0000003f
IDT=     000000000020d620 0000020f
CR0=80000011 CR2=0000000000000000 CR3=0000000000102000 CR4=00000020
DR0=0000000000000000 DR1=0000000000000000 DR2=0000000000000000 DR3=0000000000000000 
DR6=00000000ffff0ff0 DR7=0000000000000400
CCS=0000000000000091 CCD=ffffffffffffffdc CCO=EFLAGS
EFER=0000000000000501
Servicing hardware INT=0x20
    67: v=20 e=0000 i=0 cpl=0 IP=0008:0000000000200d31 pc=0000000000200d31 SP=0010:00000000002fffc8 env->regs[R_EAX]=0000000000000002
RAX=0000000000000002 RBX=0000000000009500 RCX=0000000000000041 RDX=00000000000003f8
RSI=000000000000001a RDI=0000000000000a00 RBP=0000000000000000 RSP=00000000002fffc8
R8 =0000000000000729 R9 =0000000000000001 R10=8080808080808080 R11=0000000000000038
R12=0000000000c4ce4c R13=0000000000000000 R14=0000000000000043 R15=0000000000000000
RIP=0000000000200d31 RFL=00000297 [--S-APC] CPL=0 II=0 A20=1 SMM=0 HLT=0
ES =0010 0000000000000000 ffffffff 00cf9300 DPL=0 DS   [-WA]
CS =0008 0000000000000000 ffffffff 00af9b00 DPL=0 CS64 [-RA]
SS =0010 0000000000000000 ffffffff 00cf9300 DPL=0 DS   [-WA]
DS =0010 0000000000000000 ffffffff 00cf9300 DPL=0 DS   [-WA]
FS =0010 0000000000000000 ffffffff 00cf9300 DPL=0 DS   [-WA]
GS =0010 0000000000000000 ffffffff 00cf9300 DPL=0 DS   [-WA]
LDT=0000 0000000000000000 0000ffff 00008200 DPL=0 LDT
TR =0028 000000000020d5b8 00000067 00008900 DPL=0 TSS64-avl
GDT=     000000000020d578 0000003f
IDT=     000000000020d620 0000020f
CR0=80000011 CR2=0000000000000000 CR3=0000000000102000 CR4=00000020
DR0=0000000000000000 DR1=0000000000000000 DR2=0000000000000000 DR3=0000000000000000 
DR6=00000000ffff0ff0 DR7=0000000000000400
CCS=0000000000000095 CCD=ffffffffffffffdd CCO=EFLAGS
EFER=0000000000000501
Servicing hardware INT=0x20
    68: v=20 e=0000 i=0 cpl=0 IP=0008:0000000000200d31 pc=0000000000200d31 SP=0010:00000000002fffc8 env->regs[R_EAX]=0000000000000002
RAX=0000000000000002 RBX=0000000000009500 RCX=0000000000000042 RDX=00000000000003f8
RSI=000000000000001a RDI=0000000000000a00 RBP=0000000000000000 RSP=00000000002fffc8
R8 =0000000000000729 R9 =0000000000000001 R10=8080808080808080 R11=0000000000000038
R12=0000000000c4ce4c R13=0000000000000000 R14=0000000000000043 R15=0000000000000000
RIP=0000000000200d31 RFL=00000297 [--S-APC] CPL=0 II=0 A20=1 SMM=0 HLT=0
ES =0010 0000000000000000 ffffffff 00cf9300 DPL=0 DS   [-WA]
CS =0008 0000000000000000 ffffffff 00af9b00 DPL=0 CS64 [-RA]
SS =0010 0000000000000000 ffffffff 00cf9300 DPL=0 DS   [-WA]
DS =0010 0000000000000000 ffffffff 00cf9300 DPL=0 DS   [-WA]
FS =0010 0000000000000000 ffffffff 00cf9300 DPL=0 DS   [-WA]
GS =0010 0000000000000000 ffffffff 00cf9300 DPL=0 DS   [-WA]
LDT=0000 0000000000000000 0000ffff 00008200 DPL=0 LDT
TR =0028 000000000020d5b8 00000067 00008900 DPL=0 TSS64-avl
GDT=     000000000020d578 0000003f
IDT=     000000000020d620 0000020f
CR0=80000011 CR2=0000000000000000 CR3=0000000000102000 CR4=00000020
DR0=0000000000000000 DR1=0000000000000000 DR2=0000000000000000 DR3=0000000000000000 
DR6=00000000ffff0ff0 DR7=0000000000000400
CCS=0000000000000095 CCD=ffffffffffffffde CCO=EFLAGS
EFER=0000000000000501
Servicing hardware INT=0x20
    69: v=20 e=0000 i=0 cpl=0 IP=0008:0000000000200d31 pc=0000000000200d31 SP=0010:00000000002fffc8 env->regs[R_EAX]=0000000000000002
RAX=0000000000000002 RBX=0000000000009500 RCX=0000000000000043 RDX=00000000000003f8
RSI=000000000000001a RDI=0000000000000a00 RBP=0000000000000000 RSP=00000000002fffc8
R8 =0000000000000729 R9 =0000000000000001 R10=8080808080808080 R11=0000000000000038
R12=0000000000c4ce4c R13=0000000000000000 R14=0000000000000043 R15=0000000000000000
RIP=0000000000200d31 RFL=00000293 [--S-A-C] CPL=0 II=0 A20=1 SMM=0 HLT=0
ES =0010 0000000000000000 ffffffff 00cf9300 DPL=0 DS   [-WA]
CS =0008 0000000000000000 ffffffff 00af9b00 DPL=0 CS64 [-RA]
SS =0010 0000000000000000 ffffffff 00cf9300 DPL=0 DS   [-WA]
DS =0010 0000000000000000 ffffffff 00cf9300 DPL=0 DS   [-WA]
FS =0010 0000000000000000 ffffffff 00cf9300 DPL=0 DS   [-WA]
GS =0010 0000000000000000 ffffffff 00cf9300 DPL=0 DS   [-WA]
LDT=0000 0000000000000000 0000ffff 00008200 DPL=0 LDT
TR =0028 000000000020d5b8 00000067 00008900 DPL=0 TSS64-avl
GDT=     000000000020d578 0000003f
IDT=     000000000020d620 0000020f
CR0=80000011 CR2=0000000000000000 CR3=0000000000102000 CR4=00000020
DR0=0000000000000000 DR1=0000000000000000 DR2=0000000000000000 DR3=0000000000000000 
DR6=00000000ffff0ff0 DR7=0000000000000400
CCS=0000000000000091 CCD=ffffffffffffffdf CCO=EFLAGS
EFER=0000000000000501
Servicing hardware INT=0x20
    70: v=20 e=0000 i=0 cpl=0 IP=0008:0000000000200d31 pc=0000000000200d31 SP=0010:00000000002fffc8 env->regs[R_EAX]=0000000000000002
RAX=0000000000000002 RBX=0000000000009500 RCX=0000000000000044 RDX=00000000000003f8
RSI=000000000000001a RDI=0000000000000a00 RBP=0000000000000000 RSP=00000000002fffc8
R8 =0000000000000729 R9 =0000000000000001 R10=8080808080808080 R11=0000000000000038
R12=0000000000c4ce4c R13=0000000000000000 R14=0000000000000043 R15=0000000000000000
RIP=0000000000200d31 RFL=00000283 [--S---C] CPL=0 II=0 A20=1 SMM=0 HLT=0
ES =0010 0000000000000000 ffffffff 00cf9300 DPL=0 DS   [-WA]
CS =0008 0000000000000000 ffffffff 00af9b00 DPL=0 CS64 [-RA]
SS =0010 0000000000000000 ffffffff 00cf9300 DPL=0 DS   [-WA]
DS =0010 0000000000000000 ffffffff 00cf9300 DPL=0 DS   [-WA]
FS =0010 0000000000000000 ffffffff 00cf9300 DPL=0 DS   [-WA]
GS =0010 0000000000000000 ffffffff 00cf9300 DPL=0 DS   [-WA]
LDT=0000 0000000000000000 0000ffff 00008200 DPL=0 LDT
TR =0028 000000000020d5b8 00000067 00008900 DPL=0 TSS64-avl
GDT=     000000000020d578 0000003f
IDT=     000000000020d620 0000020f
CR0=80000011 CR2=0000000000000000 CR3=0000000000102000 CR4=00000020
DR0=0000000000000000 DR1=0000000000000000 DR2=0000000000000000 DR3=0000000000000000 
DR6=00000000ffff0ff0 DR7=0000000000000400
CCS=0000000000000081 CCD=ffffffffffffffe0 CCO=EFLAGS
EFER=0000000000000501
Servicing hardware INT=0x20
    71: v=20 e=0000 i=0 cpl=0 IP=0008:0000000000200d31 pc=0000000000200d31 SP=0010:00000000002fffc8 env->regs[R_EAX]=0000000000000002
RAX=0000000000000002 RBX=0000000000009500 RCX=0000000000000045 RDX=00000000000003f8
RSI=000000000000001a RDI=0000000000000a00 RBP=0000000000000000 RSP=00000000002fffc8
R8 =0000000000000729 R9 =0000000000000001 R10=8080808080808080 R11=0000000000000038
R12=0000000000c4ce4c R13=0000000000000000 R14=0000000000000043 R15=0000000000000000
RIP=0000000000200d31 RFL=00000287 [--S--PC] CPL=0 II=0 A20=1 SMM=0 HLT=0
ES =0010 0000000000000000 ffffffff 00cf9300 DPL=0 DS   [-WA]
CS =0008 0000000000000000 ffffffff 00af9b00 DPL=0 CS64 [-RA]
SS =0010 0000000000000000 ffffffff 00cf9300 DPL=0 DS   [-WA]
DS =0010 0000000000000000 ffffffff 00cf9300 DPL=0 DS   [-WA]
FS =0010 0000000000000000 ffffffff 00cf9300 DPL=0 DS   [-WA]
GS =0010 0000000000000000 ffffffff 00cf9300 DPL=0 DS   [-WA]
LDT=0000 0000000000000000 0000ffff 00008200 DPL=0 LDT
TR =0028 000000000020d5b8 00000067 00008900 DPL=0 TSS64-avl
GDT=     000000000020d578 0000003f
IDT=     000000000020d620 0000020f
CR0=80000011 CR2=0000000000000000 CR3=0000000000102000 CR4=00000020
DR0=0000000000000000 DR1=0000000000000000 DR2=0000000000000000 DR3=0000000000000000 
DR6=00000000ffff0ff0 DR7=0000000000000400
CCS=0000000000000085 CCD=ffffffffffffffe1 CCO=EFLAGS
EFER=0000000000000501
Servicing hardware INT=0x20
    72: v=20 e=0000 i=0 cpl=0 IP=0008:0000000000200d31 pc=0000000000200d31 SP=0010:00000000002fffc8 env->regs[R_EAX]=0000000000000002
RAX=0000000000000002 RBX=0000000000009500 RCX=0000000000000046 RDX=00000000000003f8
RSI=000000000000001a RDI=0000000000000a00 RBP=0000000000000000 RSP=00000000002fffc8
R8 =0000000000000729 R9 =0000000000000001 R10=8080808080808080 R11=0000000000000038
R12=0000000000c4ce4c R13=0000000000000000 R14=0000000000000043 R15=0000000000000000
RIP=0000000000200d31 RFL=00000287 [--S--PC] CPL=0 II=0 A20=1 SMM=0 HLT=0
ES =0010 0000000000000000 ffffffff 00cf9300 DPL=0 DS   [-WA]
CS =0008 0000000000000000 ffffffff 00af9b00 DPL=0 CS64 [-RA]
SS =0010 0000000000000000 ffffffff 00cf9300 DPL=0 DS   [-WA]
DS =0010 0000000000000000 ffffffff 00cf9300 DPL=0 DS   [-WA]
FS =0010 0000000000000000 ffffffff 00cf9300 DPL=0 DS   [-WA]
GS =0010 0000000000000000 ffffffff 00cf9300 DPL=0 DS   [-WA]
LDT=0000 0000000000000000 0000ffff 00008200 DPL=0 LDT
TR =0028 000000000020d5b8 00000067 00008900 DPL=0 TSS64-avl
GDT=     000000000020d578 0000003f
IDT=     000000000020d620 0000020f
CR0=80000011 CR2=0000000000000000 CR3=0000000000102000 CR4=00000020
DR0=0000000000000000 DR1=0000000000000000 DR2=0000000000000000 DR3=0000000000000000 
DR6=00000000ffff0ff0 DR7=0000000000000400
CCS=0000000000000085 CCD=ffffffffffffffe2 CCO=EFLAGS
EFER=0000000000000501
Servicing hardware INT=0x20
    73: v=20 e=0000 i=0 cpl=0 IP=0008:0000000000200d31 pc=0000000000200d31 SP=0010:00000000002fffc8 env->regs[R_EAX]=0000000000000002
RAX=0000000000000002 RBX=0000000000009500 RCX=0000000000000047 RDX=00000000000003f8
RSI=000000000000001a RDI=0000000000000a00 RBP=0000000000000000 RSP=00000000002fffc8
R8 =0000000000000729 R9 =0000000000000001 R10=8080808080808080 R11=0000000000000038
R12=0000000000c4ce4c R13=0000000000000000 R14=0000000000000043 R15=0000000000000000
RIP=0000000000200d31 RFL=00000283 [--S---C] CPL=0 II=0 A20=1 SMM=0 HLT=0
ES =0010 0000000000000000 ffffffff 00cf9300 DPL=0 DS   [-WA]
CS =0008 0000000000000000 ffffffff 00af9b00 DPL=0 CS64 [-RA]
SS =0010 0000000000000000 ffffffff 00cf9300 DPL=0 DS   [-WA]
DS =0010 0000000000000000 ffffffff 00cf9300 DPL=0 DS   [-WA]
FS =0010 0000000000000000 ffffffff 00cf9300 DPL=0 DS   [-WA]
GS =0010 0000000000000000 ffffffff 00cf9300 DPL=0 DS   [-WA]
LDT=0000 0000000000000000 0000ffff 00008200 DPL=0 LDT
TR =0028 000000000020d5b8 00000067 00008900 DPL=0 TSS64-avl
GDT=     000000000020d578 0000003f
IDT=     000000000020d620 0000020f
CR0=80000011 CR2=0000000000000000 CR3=0000000000102000 CR4=00000020
DR0=0000000000000000 DR1=0000000000000000 DR2=0000000000000000 DR3=0000000000000000 
DR6=00000000ffff0ff0 DR7=0000000000000400
CCS=0000000000000081 CCD=ffffffffffffffe3 CCO=EFLAGS
EFER=0000000000000501
Servicing hardware INT=0x20
    74: v=20 e=0000 i=0 cpl=0 IP=0008:0000000000200d31 pc=0000000000200d31 SP=0010:00000000002fffc8 env->regs[R_EAX]=0000000000000002
RAX=0000000000000002 RBX=0000000000009500 RCX=0000000000000048 RDX=00000000000003f8
RSI=000000000000001a RDI=0000000000000a00 RBP=0000000000000000 RSP=00000000002fffc8
R8 =0000000000000729 R9 =0000000000000001 R10=8080808080808080 R11=0000000000000038
R12=0000000000c4ce4c R13=0000000000000000 R14=0000000000000043 R15=0000000000000000
RIP=0000000000200d31 RFL=00000287 [--S--PC] CPL=0 II=0 A20=1 SMM=0 HLT=0
ES =0010 0000000000000000 ffffffff 00cf9300 DPL=0 DS   [-WA]
CS =0008 0000000000000000 ffffffff 00af9b00 DPL=0 CS64 [-RA]
SS =0010 0000000000000000 ffffffff 00cf9300 DPL=0 DS   [-WA]
DS =0010 0000000000000000 ffffffff 00cf9300 DPL=0 DS   [-WA]
FS =0010 0000000000000000 ffffffff 00cf9300 DPL=0 DS   [-WA]
GS =0010 0000000000000000 ffffffff 00cf9300 DPL=0 DS   [-WA]
LDT=0000 0000000000000000 0000ffff 00008200 DPL=0 LDT
TR =0028 000000000020d5b8 00000067 00008900 DPL=0 TSS64-avl
GDT=     000000000020d578 0000003f
IDT=     000000000020d620 0000020f
CR0=80000011 CR2=0000000000000000 CR3=0000000000102000 CR4=00000020
DR0=0000000000000000 DR1=0000000000000000 DR2=0000000000000000 DR3=0000000000000000 
DR6=00000000ffff0ff0 DR7=0000000000000400
CCS=0000000000000085 CCD=ffffffffffffffe4 CCO=EFLAGS
EFER=0000000000000501
Servicing hardware INT=0x20
    75: v=20 e=0000 i=0 cpl=0 IP=0008:0000000000200d31 pc=0000000000200d31 SP=0010:00000000002fffc8 env->regs[R_EAX]=0000000000000002
RAX=0000000000000002 RBX=0000000000009500 RCX=0000000000000049 RDX=00000000000003f8
RSI=000000000000001a RDI=0000000000000a00 RBP=0000000000000000 RSP=00000000002fffc8
R8 =0000000000000729 R9 =0000000000000001 R10=8080808080808080 R11=0000000000000038
R12=0000000000c4ce4c R13=0000000000000000 R14=0000000000000043 R15=0000000000000000
RIP=0000000000200d31 RFL=00000283 [--S---C] CPL=0 II=0 A20=1 SMM=0 HLT=0
ES =0010 0000000000000000 ffffffff 00cf9300 DPL=0 DS   [-WA]
CS =0008 0000000000000000 ffffffff 00af9b00 DPL=0 CS64 [-RA]
SS =0010 0000000000000000 ffffffff 00cf9300 DPL=0 DS   [-WA]
DS =0010 0000000000000000 ffffffff 00cf9300 DPL=0 DS   [-WA]
FS =0010 0000000000000000 ffffffff 00cf9300 DPL=0 DS   [-WA]
GS =0010 0000000000000000 ffffffff 00cf9300 DPL=0 DS   [-WA]
LDT=0000 0000000000000000 0000ffff 00008200 DPL=0 LDT
TR =0028 000000000020d5b8 00000067 00008900 DPL=0 TSS64-avl
GDT=     000000000020d578 0000003f
IDT=     000000000020d620 0000020f
CR0=80000011 CR2=0000000000000000 CR3=0000000000102000 CR4=00000020
DR0=0000000000000000 DR1=0000000000000000 DR2=0000000000000000 DR3=0000000000000000 
DR6=00000000ffff0ff0 DR7=0000000000000400
CCS=0000000000000081 CCD=ffffffffffffffe5 CCO=EFLAGS
EFER=0000000000000501
Servicing hardware INT=0x20
    76: v=20 e=0000 i=0 cpl=0 IP=0008:0000000000200d31 pc=0000000000200d31 SP=0010:00000000002fffc8 env->regs[R_EAX]=0000000000000002
RAX=0000000000000002 RBX=0000000000009500 RCX=000000000000004a RDX=00000000000003f8
RSI=000000000000001a RDI=0000000000000a00 RBP=0000000000000000 RSP=00000000002fffc8
R8 =0000000000000729 R9 =0000000000000001 R10=8080808080808080 R11=0000000000000038
R12=0000000000c4ce4c R13=0000000000000000 R14=0000000000000043 R15=0000000000000000
RIP=0000000000200d31 RFL=00000283 [--S---C] CPL=0 II=0 A20=1 SMM=0 HLT=0
ES =0010 0000000000000000 ffffffff 00cf9300 DPL=0 DS   [-WA]
CS =0008 0000000000000000 ffffffff 00af9b00 DPL=0 CS64 [-RA]
SS =0010 0000000000000000 ffffffff 00cf9300 DPL=0 DS   [-WA]
DS =0010 0000000000000000 ffffffff 00cf9300 DPL=0 DS   [-WA]
FS =0010 0000000000000000 ffffffff 00cf9300 DPL=0 DS   [-WA]
GS =0010 0000000000000000 ffffffff 00cf9300 DPL=0 DS   [-WA]
LDT=0000 0000000000000000 0000ffff 00008200 DPL=0 LDT
TR =0028 000000000020d5b8 00000067 00008900 DPL=0 TSS64-avl
GDT=     000000000020d578 0000003f
IDT=     000000000020d620 0000020f
CR0=80000011 CR2=0000000000000000 CR3=0000000000102000 CR4=00000020
DR0=0000000000000000 DR1=0000000000000000 DR2=0000000000000000 DR3=0000000000000000 
DR6=00000000ffff0ff0 DR7=0000000000000400
CCS=0000000000000081 CCD=ffffffffffffffe6 CCO=EFLAGS
EFER=0000000000000501
Servicing hardware INT=0x20
    77: v=20 e=0000 i=0 cpl=0 IP=0008:0000000000200d31 pc=0000000000200d31 SP=0010:00000000002fffc8 env->regs[R_EAX]=0000000000000002
RAX=0000000000000002 RBX=0000000000009500 RCX=000000000000004b RDX=00000000000003f8
RSI=000000000000001a RDI=0000000000000a00 RBP=0000000000000000 RSP=00000000002fffc8
R8 =0000000000000729 R9 =0000000000000001 R10=8080808080808080 R11=0000000000000038
R12=0000000000c4ce4c R13=0000000000000000 R14=0000000000000043 R15=0000000000000000
RIP=0000000000200d31 RFL=00000287 [--S--PC] CPL=0 II=0 A20=1 SMM=0 HLT=0
ES =0010 0000000000000000 ffffffff 00cf9300 DPL=0 DS   [-WA]
CS =0008 0000000000000000 ffffffff 00af9b00 DPL=0 CS64 [-RA]
SS =0010 0000000000000000 ffffffff 00cf9300 DPL=0 DS   [-WA]
DS =0010 0000000000000000 ffffffff 00cf9300 DPL=0 DS   [-WA]
FS =0010 0000000000000000 ffffffff 00cf9300 DPL=0 DS   [-WA]
GS =0010 0000000000000000 ffffffff 00cf9300 DPL=0 DS   [-WA]
LDT=0000 0000000000000000 0000ffff 00008200 DPL=0 LDT
TR =0028 000000000020d5b8 00000067 00008900 DPL=0 TSS64-avl
GDT=     000000000020d578 0000003f
IDT=     000000000020d620 0000020f
CR0=80000011 CR2=0000000000000000 CR3=0000000000102000 CR4=00000020
DR0=0000000000000000 DR1=0000000000000000 DR2=0000000000000000 DR3=0000000000000000 
DR6=00000000ffff0ff0 DR7=0000000000000400
CCS=0000000000000085 CCD=ffffffffffffffe7 CCO=EFLAGS
EFER=0000000000000501
Servicing hardware INT=0x20
    78: v=20 e=0000 i=0 cpl=0 IP=0008:0000000000200d31 pc=0000000000200d31 SP=0010:00000000002fffc8 env->regs[R_EAX]=0000000000000002
RAX=0000000000000002 RBX=0000000000009500 RCX=000000000000004c RDX=00000000000003f8
RSI=000000000000001a RDI=0000000000000a00 RBP=0000000000000000 RSP=00000000002fffc8
R8 =0000000000000729 R9 =0000000000000001 R10=8080808080808080 R11=0000000000000038
R12=0000000000c4ce4c R13=0000000000000000 R14=0000000000000043 R15=0000000000000000
RIP=0000000000200d31 RFL=00000287 [--S--PC] CPL=0 II=0 A20=1 SMM=0 HLT=0
ES =0010 0000000000000000 ffffffff 00cf9300 DPL=0 DS   [-WA]
CS =0008 0000000000000000 ffffffff 00af9b00 DPL=0 CS64 [-RA]
SS =0010 0000000000000000 ffffffff 00cf9300 DPL=0 DS   [-WA]
DS =0010 0000000000000000 ffffffff 00cf9300 DPL=0 DS   [-WA]
FS =0010 0000000000000000 ffffffff 00cf9300 DPL=0 DS   [-WA]
GS =0010 0000000000000000 ffffffff 00cf9300 DPL=0 DS   [-WA]
LDT=0000 0000000000000000 0000ffff 00008200 DPL=0 LDT
TR =0028 000000000020d5b8 00000067 00008900 DPL=0 TSS64-avl
GDT=     000000000020d578 0000003f
IDT=     000000000020d620 0000020f
CR0=80000011 CR2=0000000000000000 CR3=0000000000102000 CR4=00000020
DR0=0000000000000000 DR1=0000000000000000 DR2=0000000000000000 DR3=0000000000000000 
DR6=00000000ffff0ff0 DR7=0000000000000400
CCS=0000000000000085 CCD=ffffffffffffffe8 CCO=EFLAGS
EFER=0000000000000501
Servicing hardware INT=0x20
    79: v=20 e=0000 i=0 cpl=0 IP=0008:0000000000200d31 pc=0000000000200d31 SP=0010:00000000002fffc8 env->regs[R_EAX]=0000000000000002
RAX=0000000000000002 RBX=0000000000009500 RCX=000000000000004d RDX=00000000000003f8
RSI=000000000000001a RDI=0000000000000a00 RBP=0000000000000000 RSP=00000000002fffc8
R8 =0000000000000729 R9 =0000000000000001 R10=8080808080808080 R11=0000000000000038
R12=0000000000c4ce4c R13=0000000000000000 R14=0000000000000043 R15=0000000000000000
RIP=0000000000200d31 RFL=00000283 [--S---C] CPL=0 II=0 A20=1 SMM=0 HLT=0
ES =0010 0000000000000000 ffffffff 00cf9300 DPL=0 DS   [-WA]
CS =0008 0000000000000000 ffffffff 00af9b00 DPL=0 CS64 [-RA]
SS =0010 0000000000000000 ffffffff 00cf9300 DPL=0 DS   [-WA]
DS =0010 0000000000000000 ffffffff 00cf9300 DPL=0 DS   [-WA]
FS =0010 0000000000000000 ffffffff 00cf9300 DPL=0 DS   [-WA]
GS =0010 0000000000000000 ffffffff 00cf9300 DPL=0 DS   [-WA]
LDT=0000 0000000000000000 0000ffff 00008200 DPL=0 LDT
TR =0028 000000000020d5b8 00000067 00008900 DPL=0 TSS64-avl
GDT=     000000000020d578 0000003f
IDT=     000000000020d620 0000020f
CR0=80000011 CR2=0000000000000000 CR3=0000000000102000 CR4=00000020
DR0=0000000000000000 DR1=0000000000000000 DR2=0000000000000000 DR3=0000000000000000 
DR6=00000000ffff0ff0 DR7=0000000000000400
CCS=0000000000000081 CCD=ffffffffffffffe9 CCO=EFLAGS
EFER=0000000000000501
Servicing hardware INT=0x20
    80: v=20 e=0000 i=0 cpl=0 IP=0008:0000000000200d31 pc=0000000000200d31 SP=0010:00000000002fffc8 env->regs[R_EAX]=0000000000000002
RAX=0000000000000002 RBX=0000000000009500 RCX=000000000000004e RDX=00000000000003f8
RSI=000000000000001a RDI=0000000000000a00 RBP=0000000000000000 RSP=00000000002fffc8
R8 =0000000000000729 R9 =0000000000000001 R10=8080808080808080 R11=0000000000000038
R12=0000000000c4ce4c R13=0000000000000000 R14=0000000000000043 R15=0000000000000000
RIP=0000000000200d31 RFL=00000283 [--S---C] CPL=0 II=0 A20=1 SMM=0 HLT=0
ES =0010 0000000000000000 ffffffff 00cf9300 DPL=0 DS   [-WA]
CS =0008 0000000000000000 ffffffff 00af9b00 DPL=0 CS64 [-RA]
SS =0010 0000000000000000 ffffffff 00cf9300 DPL=0 DS   [-WA]
DS =0010 0000000000000000 ffffffff 00cf9300 DPL=0 DS   [-WA]
FS =0010 0000000000000000 ffffffff 00cf9300 DPL=0 DS   [-WA]
GS =0010 0000000000000000 ffffffff 00cf9300 DPL=0 DS   [-WA]
LDT=0000 0000000000000000 0000ffff 00008200 DPL=0 LDT
TR =0028 000000000020d5b8 00000067 00008900 DPL=0 TSS64-avl
GDT=     000000000020d578 0000003f
IDT=     000000000020d620 0000020f
CR0=80000011 CR2=0000000000000000 CR3=0000000000102000 CR4=00000020
DR0=0000000000000000 DR1=0000000000000000 DR2=0000000000000000 DR3=0000000000000000 
DR6=00000000ffff0ff0 DR7=0000000000000400
CCS=0000000000000081 CCD=ffffffffffffffea CCO=EFLAGS
EFER=0000000000000501
Servicing hardware INT=0x20
    81: v=20 e=0000 i=0 cpl=0 IP=0008:0000000000200d31 pc=0000000000200d31 SP=0010:00000000002fffc8 env->regs[R_EAX]=0000000000000002
RAX=0000000000000002 RBX=0000000000009500 RCX=000000000000004f RDX=00000000000003f8
RSI=000000000000001a RDI=0000000000000a00 RBP=0000000000000000 RSP=00000000002fffc8
R8 =0000000000000729 R9 =0000000000000001 R10=8080808080808080 R11=0000000000000038
R12=0000000000c4ce4c R13=0000000000000000 R14=0000000000000043 R15=0000000000000000
RIP=0000000000200d31 RFL=00000287 [--S--PC] CPL=0 II=0 A20=1 SMM=0 HLT=0
ES =0010 0000000000000000 ffffffff 00cf9300 DPL=0 DS   [-WA]
CS =0008 0000000000000000 ffffffff 00af9b00 DPL=0 CS64 [-RA]
SS =0010 0000000000000000 ffffffff 00cf9300 DPL=0 DS   [-WA]
DS =0010 0000000000000000 ffffffff 00cf9300 DPL=0 DS   [-WA]
FS =0010 0000000000000000 ffffffff 00cf9300 DPL=0 DS   [-WA]
GS =0010 0000000000000000 ffffffff 00cf9300 DPL=0 DS   [-WA]
LDT=0000 0000000000000000 0000ffff 00008200 DPL=0 LDT
TR =0028 000000000020d5b8 00000067 00008900 DPL=0 TSS64-avl
GDT=     000000000020d578 0000003f
IDT=     000000000020d620 0000020f
CR0=80000011 CR2=0000000000000000 CR3=0000000000102000 CR4=00000020
DR0=0000000000000000 DR1=0000000000000000 DR2=0000000000000000 DR3=0000000000000000 
DR6=00000000ffff0ff0 DR7=0000000000000400
CCS=0000000000000085 CCD=ffffffffffffffeb CCO=EFLAGS
EFER=0000000000000501
Servicing hardware INT=0x20
    82: v=20 e=0000 i=0 cpl=0 IP=0008:0000000000200d31 pc=0000000000200d31 SP=0010:00000000002fffc8 env->regs[R_EAX]=0000000000000002
RAX=0000000000000002 RBX=0000000000009500 RCX=0000000000000050 RDX=00000000000003f8
RSI=000000000000001a RDI=0000000000000a00 RBP=0000000000000000 RSP=00000000002fffc8
R8 =0000000000000729 R9 =0000000000000001 R10=8080808080808080 R11=0000000000000038
R12=0000000000c4ce4c R13=0000000000000000 R14=0000000000000043 R15=0000000000000000
RIP=0000000000200d31 RFL=00000293 [--S-A-C] CPL=0 II=0 A20=1 SMM=0 HLT=0
ES =0010 0000000000000000 ffffffff 00cf9300 DPL=0 DS   [-WA]
CS =0008 0000000000000000 ffffffff 00af9b00 DPL=0 CS64 [-RA]
SS =0010 0000000000000000 ffffffff 00cf9300 DPL=0 DS   [-WA]
DS =0010 0000000000000000 ffffffff 00cf9300 DPL=0 DS   [-WA]
FS =0010 0000000000000000 ffffffff 00cf9300 DPL=0 DS   [-WA]
GS =0010 0000000000000000 ffffffff 00cf9300 DPL=0 DS   [-WA]
LDT=0000 0000000000000000 0000ffff 00008200 DPL=0 LDT
TR =0028 000000000020d5b8 00000067 00008900 DPL=0 TSS64-avl
GDT=     000000000020d578 0000003f
IDT=     000000000020d620 0000020f
CR0=80000011 CR2=0000000000000000 CR3=0000000000102000 CR4=00000020
DR0=0000000000000000 DR1=0000000000000000 DR2=0000000000000000 DR3=0000000000000000 
DR6=00000000ffff0ff0 DR7=0000000000000400
CCS=0000000000000091 CCD=ffffffffffffffec CCO=EFLAGS
EFER=0000000000000501
Servicing hardware INT=0x20
    83: v=20 e=0000 i=0 cpl=0 IP=0008:0000000000200d31 pc=0000000000200d31 SP=0010:00000000002fffc8 env->regs[R_EAX]=0000000000000002
RAX=0000000000000002 RBX=0000000000009500 RCX=0000000000000051 RDX=00000000000003f8
RSI=000000000000001a RDI=0000000000000a00 RBP=0000000000000000 RSP=00000000002fffc8
R8 =0000000000000729 R9 =0000000000000001 R10=8080808080808080 R11=0000000000000038
R12=0000000000c4ce4c R13=0000000000000000 R14=0000000000000043 R15=0000000000000000
RIP=0000000000200d31 RFL=00000297 [--S-APC] CPL=0 II=0 A20=1 SMM=0 HLT=0
ES =0010 0000000000000000 ffffffff 00cf9300 DPL=0 DS   [-WA]
CS =0008 0000000000000000 ffffffff 00af9b00 DPL=0 CS64 [-RA]
SS =0010 0000000000000000 ffffffff 00cf9300 DPL=0 DS   [-WA]
DS =0010 0000000000000000 ffffffff 00cf9300 DPL=0 DS   [-WA]
FS =0010 0000000000000000 ffffffff 00cf9300 DPL=0 DS   [-WA]
GS =0010 0000000000000000 ffffffff 00cf9300 DPL=0 DS   [-WA]
LDT=0000 0000000000000000 0000ffff 00008200 DPL=0 LDT
TR =0028 000000000020d5b8 00000067 00008900 DPL=0 TSS64-avl
GDT=     000000000020d578 0000003f
IDT=     000000000020d620 0000020f
CR0=80000011 CR2=0000000000000000 CR3=0000000000102000 CR4=00000020
DR0=0000000000000000 DR1=0000000000000000 DR2=0000000000000000 DR3=0000000000000000 
DR6=00000000ffff0ff0 DR7=0000000000000400
CCS=0000000000000095 CCD=ffffffffffffffed CCO=EFLAGS
EFER=0000000000000501
Servicing hardware INT=0x20
    84: v=20 e=0000 i=0 cpl=0 IP=0008:0000000000200d31 pc=0000000000200d31 SP=0010:00000000002fffc8 env->regs[R_EAX]=0000000000000002
RAX=0000000000000002 RBX=0000000000009500 RCX=0000000000000052 RDX=00000000000003f8
RSI=000000000000001a RDI=0000000000000a00 RBP=0000000000000000 RSP=00000000002fffc8
R8 =0000000000000729 R9 =0000000000000001 R10=8080808080808080 R11=0000000000000038
R12=0000000000c4ce4c R13=0000000000000000 R14=0000000000000043 R15=0000000000000000
RIP=0000000000200d31 RFL=00000297 [--S-APC] CPL=0 II=0 A20=1 SMM=0 HLT=0
ES =0010 0000000000000000 ffffffff 00cf9300 DPL=0 DS   [-WA]
CS =0008 0000000000000000 ffffffff 00af9b00 DPL=0 CS64 [-RA]
SS =0010 0000000000000000 ffffffff 00cf9300 DPL=0 DS   [-WA]
DS =0010 0000000000000000 ffffffff 00cf9300 DPL=0 DS   [-WA]
FS =0010 0000000000000000 ffffffff 00cf9300 DPL=0 DS   [-WA]
GS =0010 0000000000000000 ffffffff 00cf9300 DPL=0 DS   [-WA]
LDT=0000 0000000000000000 0000ffff 00008200 DPL=0 LDT
TR =0028 000000000020d5b8 00000067 00008900 DPL=0 TSS64-avl
GDT=     000000000020d578 0000003f
IDT=     000000000020d620 0000020f
CR0=80000011 CR2=0000000000000000 CR3=0000000000102000 CR4=00000020
DR0=0000000000000000 DR1=0000000000000000 DR2=0000000000000000 DR3=0000000000000000 
DR6=00000000ffff0ff0 DR7=0000000000000400
CCS=0000000000000095 CCD=ffffffffffffffee CCO=EFLAGS
EFER=0000000000000501
Servicing hardware INT=0x20
    85: v=20 e=0000 i=0 cpl=0 IP=0008:0000000000200d31 pc=0000000000200d31 SP=0010:00000000002fffc8 env->regs[R_EAX]=0000000000000002
RAX=0000000000000002 RBX=0000000000009500 RCX=0000000000000053 RDX=00000000000003f8
RSI=000000000000001a RDI=0000000000000a00 RBP=0000000000000000 RSP=00000000002fffc8
R8 =0000000000000729 R9 =0000000000000001 R10=8080808080808080 R11=0000000000000038
R12=0000000000c4ce4c R13=0000000000000000 R14=0000000000000043 R15=0000000000000000
RIP=0000000000200d31 RFL=00000293 [--S-A-C] CPL=0 II=0 A20=1 SMM=0 HLT=0
ES =0010 0000000000000000 ffffffff 00cf9300 DPL=0 DS   [-WA]
CS =0008 0000000000000000 ffffffff 00af9b00 DPL=0 CS64 [-RA]
SS =0010 0000000000000000 ffffffff 00cf9300 DPL=0 DS   [-WA]
DS =0010 0000000000000000 ffffffff 00cf9300 DPL=0 DS   [-WA]
FS =0010 0000000000000000 ffffffff 00cf9300 DPL=0 DS   [-WA]
GS =0010 0000000000000000 ffffffff 00cf9300 DPL=0 DS   [-WA]
LDT=0000 0000000000000000 0000ffff 00008200 DPL=0 LDT
TR =0028 000000000020d5b8 00000067 00008900 DPL=0 TSS64-avl
GDT=     000000000020d578 0000003f
IDT=     000000000020d620 0000020f
CR0=80000011 CR2=0000000000000000 CR3=0000000000102000 CR4=00000020
DR0=0000000000000000 DR1=0000000000000000 DR2=0000000000000000 DR3=0000000000000000 
DR6=00000000ffff0ff0 DR7=0000000000000400
CCS=0000000000000091 CCD=ffffffffffffffef CCO=EFLAGS
EFER=0000000000000501
Servicing hardware INT=0x20
    86: v=20 e=0000 i=0 cpl=0 IP=0008:0000000000200d31 pc=0000000000200d31 SP=0010:00000000002fffc8 env->regs[R_EAX]=0000000000000002
RAX=0000000000000002 RBX=0000000000009500 RCX=0000000000000054 RDX=00000000000003f8
RSI=000000000000001a RDI=0000000000000a00 RBP=0000000000000000 RSP=00000000002fffc8
R8 =0000000000000729 R9 =0000000000000001 R10=8080808080808080 R11=0000000000000038
R12=0000000000c4ce4c R13=0000000000000000 R14=0000000000000043 R15=0000000000000000
RIP=0000000000200d31 RFL=00000287 [--S--PC] CPL=0 II=0 A20=1 SMM=0 HLT=0
ES =0010 0000000000000000 ffffffff 00cf9300 DPL=0 DS   [-WA]
CS =0008 0000000000000000 ffffffff 00af9b00 DPL=0 CS64 [-RA]
SS =0010 0000000000000000 ffffffff 00cf9300 DPL=0 DS   [-WA]
DS =0010 0000000000000000 ffffffff 00cf9300 DPL=0 DS   [-WA]
FS =0010 0000000000000000 ffffffff 00cf9300 DPL=0 DS   [-WA]
GS =0010 0000000000000000 ffffffff 00cf9300 DPL=0 DS   [-WA]
LDT=0000 0000000000000000 0000ffff 00008200 DPL=0 LDT
TR =0028 000000000020d5b8 00000067 00008900 DPL=0 TSS64-avl
GDT=     000000000020d578 0000003f
IDT=     000000000020d620 0000020f
CR0=80000011 CR2=0000000000000000 CR3=0000000000102000 CR4=00000020
DR0=0000000000000000 DR1=0000000000000000 DR2=0000000000000000 DR3=0000000000000000 
DR6=00000000ffff0ff0 DR7=0000000000000400
CCS=0000000000000085 CCD=fffffffffffffff0 CCO=EFLAGS
EFER=0000000000000501
Servicing hardware INT=0x20
    87: v=20 e=0000 i=0 cpl=0 IP=0008:0000000000200d31 pc=0000000000200d31 SP=0010:00000000002fffc8 env->regs[R_EAX]=0000000000000002
RAX=0000000000000002 RBX=0000000000009500 RCX=0000000000000055 RDX=00000000000003f8
RSI=000000000000001a RDI=0000000000000a00 RBP=0000000000000000 RSP=00000000002fffc8
R8 =0000000000000729 R9 =0000000000000001 R10=8080808080808080 R11=0000000000000038
R12=0000000000c4ce4c R13=0000000000000000 R14=0000000000000043 R15=0000000000000000
RIP=0000000000200d31 RFL=00000283 [--S---C] CPL=0 II=0 A20=1 SMM=0 HLT=0
ES =0010 0000000000000000 ffffffff 00cf9300 DPL=0 DS   [-WA]
CS =0008 0000000000000000 ffffffff 00af9b00 DPL=0 CS64 [-RA]
SS =0010 0000000000000000 ffffffff 00cf9300 DPL=0 DS   [-WA]
DS =0010 0000000000000000 ffffffff 00cf9300 DPL=0 DS   [-WA]
FS =0010 0000000000000000 ffffffff 00cf9300 DPL=0 DS   [-WA]
GS =0010 0000000000000000 ffffffff 00cf9300 DPL=0 DS   [-WA]
LDT=0000 0000000000000000 0000ffff 00008200 DPL=0 LDT
TR =0028 000000000020d5b8 00000067 00008900 DPL=0 TSS64-avl
GDT=     000000000020d578 0000003f
IDT=     000000000020d620 0000020f
CR0=80000011 CR2=0000000000000000 CR3=0000000000102000 CR4=00000020
DR0=0000000000000000 DR1=0000000000000000 DR2=0000000000000000 DR3=0000000000000000 
DR6=00000000ffff0ff0 DR7=0000000000000400
CCS=0000000000000081 CCD=fffffffffffffff1 CCO=EFLAGS
EFER=0000000000000501
Servicing hardware INT=0x20
    88: v=20 e=0000 i=0 cpl=0 IP=0008:0000000000200d31 pc=0000000000200d31 SP=0010:00000000002fffc8 env->regs[R_EAX]=0000000000000002
RAX=0000000000000002 RBX=0000000000009500 RCX=0000000000000056 RDX=00000000000003f8
RSI=000000000000001a RDI=0000000000000a00 RBP=0000000000000000 RSP=00000000002fffc8
R8 =0000000000000729 R9 =0000000000000001 R10=8080808080808080 R11=0000000000000038
R12=0000000000c4ce4c R13=0000000000000000 R14=0000000000000043 R15=0000000000000000
RIP=0000000000200d31 RFL=00000283 [--S---C] CPL=0 II=0 A20=1 SMM=0 HLT=0
ES =0010 0000000000000000 ffffffff 00cf9300 DPL=0 DS   [-WA]
CS =0008 0000000000000000 ffffffff 00af9b00 DPL=0 CS64 [-RA]
SS =0010 0000000000000000 ffffffff 00cf9300 DPL=0 DS   [-WA]
DS =0010 0000000000000000 ffffffff 00cf9300 DPL=0 DS   [-WA]
FS =0010 0000000000000000 ffffffff 00cf9300 DPL=0 DS   [-WA]
GS =0010 0000000000000000 ffffffff 00cf9300 DPL=0 DS   [-WA]
LDT=0000 0000000000000000 0000ffff 00008200 DPL=0 LDT
TR =0028 000000000020d5b8 00000067 00008900 DPL=0 TSS64-avl
GDT=     000000000020d578 0000003f
IDT=     000000000020d620 0000020f
CR0=80000011 CR2=0000000000000000 CR3=0000000000102000 CR4=00000020
DR0=0000000000000000 DR1=0000000000000000 DR2=0000000000000000 DR3=0000000000000000 
DR6=00000000ffff0ff0 DR7=0000000000000400
CCS=0000000000000081 CCD=fffffffffffffff2 CCO=EFLAGS
EFER=0000000000000501
Servicing hardware INT=0x20
    89: v=20 e=0000 i=0 cpl=0 IP=0008:0000000000200d31 pc=0000000000200d31 SP=0010:00000000002fffc8 env->regs[R_EAX]=0000000000000002
RAX=0000000000000002 RBX=0000000000009500 RCX=0000000000000057 RDX=00000000000003f8
RSI=000000000000001a RDI=0000000000000a00 RBP=0000000000000000 RSP=00000000002fffc8
R8 =0000000000000729 R9 =0000000000000001 R10=8080808080808080 R11=0000000000000038
R12=0000000000c4ce4c R13=0000000000000000 R14=0000000000000043 R15=0000000000000000
RIP=0000000000200d31 RFL=00000287 [--S--PC] CPL=0 II=0 A20=1 SMM=0 HLT=0
ES =0010 0000000000000000 ffffffff 00cf9300 DPL=0 DS   [-WA]
CS =0008 0000000000000000 ffffffff 00af9b00 DPL=0 CS64 [-RA]
SS =0010 0000000000000000 ffffffff 00cf9300 DPL=0 DS   [-WA]
DS =0010 0000000000000000 ffffffff 00cf9300 DPL=0 DS   [-WA]
FS =0010 0000000000000000 ffffffff 00cf9300 DPL=0 DS   [-WA]
GS =0010 0000000000000000 ffffffff 00cf9300 DPL=0 DS   [-WA]
LDT=0000 0000000000000000 0000ffff 00008200 DPL=0 LDT
TR =0028 000000000020d5b8 00000067 00008900 DPL=0 TSS64-avl
GDT=     000000000020d578 0000003f
IDT=     000000000020d620 0000020f
CR0=80000011 CR2=0000000000000000 CR3=0000000000102000 CR4=00000020
DR0=0000000000000000 DR1=0000000000000000 DR2=0000000000000000 DR3=0000000000000000 
DR6=00000000ffff0ff0 DR7=0000000000000400
CCS=0000000000000085 CCD=fffffffffffffff3 CCO=EFLAGS
EFER=0000000000000501
Servicing hardware INT=0x20
    90: v=20 e=0000 i=0 cpl=0 IP=0008:0000000000200d31 pc=0000000000200d31 SP=0010:00000000002fffc8 env->regs[R_EAX]=0000000000000002
RAX=0000000000000002 RBX=0000000000009500 RCX=0000000000000058 RDX=00000000000003f8
RSI=000000000000001a RDI=0000000000000a00 RBP=0000000000000000 RSP=00000000002fffc8
R8 =0000000000000729 R9 =0000000000000001 R10=8080808080808080 R11=0000000000000038
R12=0000000000c4ce4c R13=0000000000000000 R14=0000000000000043 R15=0000000000000000
RIP=0000000000200d31 RFL=00000283 [--S---C] CPL=0 II=0 A20=1 SMM=0 HLT=0
ES =0010 0000000000000000 ffffffff 00cf9300 DPL=0 DS   [-WA]
CS =0008 0000000000000000 ffffffff 00af9b00 DPL=0 CS64 [-RA]
SS =0010 0000000000000000 ffffffff 00cf9300 DPL=0 DS   [-WA]
DS =0010 0000000000000000 ffffffff 00cf9300 DPL=0 DS   [-WA]
FS =0010 0000000000000000 ffffffff 00cf9300 DPL=0 DS   [-WA]
GS =0010 0000000000000000 ffffffff 00cf9300 DPL=0 DS   [-WA]
LDT=0000 0000000000000000 0000ffff 00008200 DPL=0 LDT
TR =0028 000000000020d5b8 00000067 00008900 DPL=0 TSS64-avl
GDT=     000000000020d578 0000003f
IDT=     000000000020d620 0000020f
CR0=80000011 CR2=0000000000000000 CR3=0000000000102000 CR4=00000020
DR0=0000000000000000 DR1=0000000000000000 DR2=0000000000000000 DR3=0000000000000000 
DR6=00000000ffff0ff0 DR7=0000000000000400
CCS=0000000000000081 CCD=fffffffffffffff4 CCO=EFLAGS
EFER=0000000000000501
Servicing hardware INT=0x20
    91: v=20 e=0000 i=0 cpl=0 IP=0008:0000000000200d31 pc=0000000000200d31 SP=0010:00000000002fffc8 env->regs[R_EAX]=0000000000000002
RAX=0000000000000002 RBX=0000000000009500 RCX=0000000000000059 RDX=00000000000003f8
RSI=000000000000001a RDI=0000000000000a00 RBP=0000000000000000 RSP=00000000002fffc8
R8 =0000000000000729 R9 =0000000000000001 R10=8080808080808080 R11=0000000000000038
R12=0000000000c4ce4c R13=0000000000000000 R14=0000000000000043 R15=0000000000000000
RIP=0000000000200d31 RFL=00000287 [--S--PC] CPL=0 II=0 A20=1 SMM=0 HLT=0
ES =0010 0000000000000000 ffffffff 00cf9300 DPL=0 DS   [-WA]
CS =0008 0000000000000000 ffffffff 00af9b00 DPL=0 CS64 [-RA]
SS =0010 0000000000000000 ffffffff 00cf9300 DPL=0 DS   [-WA]
DS =0010 0000000000000000 ffffffff 00cf9300 DPL=0 DS   [-WA]
FS =0010 0000000000000000 ffffffff 00cf9300 DPL=0 DS   [-WA]
GS =0010 0000000000000000 ffffffff 00cf9300 DPL=0 DS   [-WA]
LDT=0000 0000000000000000 0000ffff 00008200 DPL=0 LDT
TR =0028 000000000020d5b8 00000067 00008900 DPL=0 TSS64-avl
GDT=     000000000020d578 0000003f
IDT=     000000000020d620 0000020f
CR0=80000011 CR2=0000000000000000 CR3=0000000000102000 CR4=00000020
DR0=0000000000000000 DR1=0000000000000000 DR2=0000000000000000 DR3=0000000000000000 
DR6=00000000ffff0ff0 DR7=0000000000000400
CCS=0000000000000085 CCD=fffffffffffffff5 CCO=EFLAGS
EFER=0000000000000501
Servicing hardware INT=0x20
    92: v=20 e=0000 i=0 cpl=0 IP=0008:0000000000200d31 pc=0000000000200d31 SP=0010:00000000002fffc8 env->regs[R_EAX]=0000000000000002
RAX=0000000000000002 RBX=0000000000009500 RCX=000000000000005a RDX=00000000000003f8
RSI=000000000000001a RDI=0000000000000a00 RBP=0000000000000000 RSP=00000000002fffc8
R8 =0000000000000729 R9 =0000000000000001 R10=8080808080808080 R11=0000000000000038
R12=0000000000c4ce4c R13=0000000000000000 R14=0000000000000043 R15=0000000000000000
RIP=0000000000200d31 RFL=00000287 [--S--PC] CPL=0 II=0 A20=1 SMM=0 HLT=0
ES =0010 0000000000000000 ffffffff 00cf9300 DPL=0 DS   [-WA]
CS =0008 0000000000000000 ffffffff 00af9b00 DPL=0 CS64 [-RA]
SS =0010 0000000000000000 ffffffff 00cf9300 DPL=0 DS   [-WA]
DS =0010 0000000000000000 ffffffff 00cf9300 DPL=0 DS   [-WA]
FS =0010 0000000000000000 ffffffff 00cf9300 DPL=0 DS   [-WA]
GS =0010 0000000000000000 ffffffff 00cf9300 DPL=0 DS   [-WA]
LDT=0000 0000000000000000 0000ffff 00008200 DPL=0 LDT
TR =0028 000000000020d5b8 00000067 00008900 DPL=0 TSS64-avl
GDT=     000000000020d578 0000003f
IDT=     000000000020d620 0000020f
CR0=80000011 CR2=0000000000000000 CR3=0000000000102000 CR4=00000020
DR0=0000000000000000 DR1=0000000000000000 DR2=0000000000000000 DR3=0000000000000000 
DR6=00000000ffff0ff0 DR7=0000000000000400
CCS=0000000000000085 CCD=fffffffffffffff6 CCO=EFLAGS
EFER=0000000000000501
Servicing hardware INT=0x20
    93: v=20 e=0000 i=0 cpl=0 IP=0008:0000000000200d31 pc=0000000000200d31 SP=0010:00000000002fffc8 env->regs[R_EAX]=0000000000000002
RAX=0000000000000002 RBX=0000000000009500 RCX=000000000000005b RDX=00000000000003f8
RSI=000000000000001a RDI=0000000000000a00 RBP=0000000000000000 RSP=00000000002fffc8
R8 =0000000000000729 R9 =0000000000000001 R10=8080808080808080 R11=0000000000000038
R12=0000000000c4ce4c R13=0000000000000000 R14=0000000000000043 R15=0000000000000000
RIP=0000000000200d31 RFL=00000283 [--S---C] CPL=0 II=0 A20=1 SMM=0 HLT=0
ES =0010 0000000000000000 ffffffff 00cf9300 DPL=0 DS   [-WA]
CS =0008 0000000000000000 ffffffff 00af9b00 DPL=0 CS64 [-RA]
SS =0010 0000000000000000 ffffffff 00cf9300 DPL=0 DS   [-WA]
DS =0010 0000000000000000 ffffffff 00cf9300 DPL=0 DS   [-WA]
FS =0010 0000000000000000 ffffffff 00cf9300 DPL=0 DS   [-WA]
GS =0010 0000000000000000 ffffffff 00cf9300 DPL=0 DS   [-WA]
LDT=0000 0000000000000000 0000ffff 00008200 DPL=0 LDT
TR =0028 000000000020d5b8 00000067 00008900 DPL=0 TSS64-avl
GDT=     000000000020d578 0000003f
IDT=     000000000020d620 0000020f
CR0=80000011 CR2=0000000000000000 CR3=0000000000102000 CR4=00000020
DR0=0000000000000000 DR1=0000000000000000 DR2=0000000000000000 DR3=0000000000000000 
DR6=00000000ffff0ff0 DR7=0000000000000400
CCS=0000000000000081 CCD=fffffffffffffff7 CCO=EFLAGS
EFER=0000000000000501
Servicing hardware INT=0x20
    94: v=20 e=0000 i=0 cpl=0 IP=0008:0000000000200d31 pc=0000000000200d31 SP=0010:00000000002fffc8 env->regs[R_EAX]=0000000000000002
RAX=0000000000000002 RBX=0000000000009500 RCX=000000000000005c RDX=00000000000003f8
RSI=000000000000001a RDI=0000000000000a00 RBP=0000000000000000 RSP=00000000002fffc8
R8 =0000000000000729 R9 =0000000000000001 R10=8080808080808080 R11=0000000000000038
R12=0000000000c4ce4c R13=0000000000000000 R14=0000000000000043 R15=0000000000000000
RIP=0000000000200d31 RFL=00000283 [--S---C] CPL=0 II=0 A20=1 SMM=0 HLT=0
ES =0010 0000000000000000 ffffffff 00cf9300 DPL=0 DS   [-WA]
CS =0008 0000000000000000 ffffffff 00af9b00 DPL=0 CS64 [-RA]
SS =0010 0000000000000000 ffffffff 00cf9300 DPL=0 DS   [-WA]
DS =0010 0000000000000000 ffffffff 00cf9300 DPL=0 DS   [-WA]
FS =0010 0000000000000000 ffffffff 00cf9300 DPL=0 DS   [-WA]
GS =0010 0000000000000000 ffffffff 00cf9300 DPL=0 DS   [-WA]
LDT=0000 0000000000000000 0000ffff 00008200 DPL=0 LDT
TR =0028 000000000020d5b8 00000067 00008900 DPL=0 TSS64-avl
GDT=     000000000020d578 0000003f
IDT=     000000000020d620 0000020f
CR0=80000011 CR2=0000000000000000 CR3=0000000000102000 CR4=00000020
DR0=0000000000000000 DR1=0000000000000000 DR2=0000000000000000 DR3=0000000000000000 
DR6=00000000ffff0ff0 DR7=0000000000000400
CCS=0000000000000081 CCD=fffffffffffffff8 CCO=EFLAGS
EFER=0000000000000501
Servicing hardware INT=0x20
    95: v=20 e=0000 i=0 cpl=0 IP=0008:0000000000200d31 pc=0000000000200d31 SP=0010:00000000002fffc8 env->regs[R_EAX]=0000000000000002
RAX=0000000000000002 RBX=0000000000009500 RCX=000000000000005d RDX=00000000000003f8
RSI=000000000000001a RDI=0000000000000a00 RBP=0000000000000000 RSP=00000000002fffc8
R8 =0000000000000729 R9 =0000000000000001 R10=8080808080808080 R11=0000000000000038
R12=0000000000c4ce4c R13=0000000000000000 R14=0000000000000043 R15=0000000000000000
RIP=0000000000200d31 RFL=00000287 [--S--PC] CPL=0 II=0 A20=1 SMM=0 HLT=0
ES =0010 0000000000000000 ffffffff 00cf9300 DPL=0 DS   [-WA]
CS =0008 0000000000000000 ffffffff 00af9b00 DPL=0 CS64 [-RA]
SS =0010 0000000000000000 ffffffff 00cf9300 DPL=0 DS   [-WA]
DS =0010 0000000000000000 ffffffff 00cf9300 DPL=0 DS   [-WA]
FS =0010 0000000000000000 ffffffff 00cf9300 DPL=0 DS   [-WA]
GS =0010 0000000000000000 ffffffff 00cf9300 DPL=0 DS   [-WA]
LDT=0000 0000000000000000 0000ffff 00008200 DPL=0 LDT
TR =0028 000000000020d5b8 00000067 00008900 DPL=0 TSS64-avl
GDT=     000000000020d578 0000003f
IDT=     000000000020d620 0000020f
CR0=80000011 CR2=0000000000000000 CR3=0000000000102000 CR4=00000020
DR0=0000000000000000 DR1=0000000000000000 DR2=0000000000000000 DR3=0000000000000000 
DR6=00000000ffff0ff0 DR7=0000000000000400
CCS=0000000000000085 CCD=fffffffffffffff9 CCO=EFLAGS
EFER=0000000000000501
Servicing hardware INT=0x20
    96: v=20 e=0000 i=0 cpl=0 IP=0008:0000000000200d31 pc=0000000000200d31 SP=0010:00000000002fffc8 env->regs[R_EAX]=0000000000000002
RAX=0000000000000002 RBX=0000000000009500 RCX=000000000000005e RDX=00000000000003f8
RSI=000000000000001a RDI=0000000000000a00 RBP=0000000000000000 RSP=00000000002fffc8
R8 =0000000000000729 R9 =0000000000000001 R10=8080808080808080 R11=0000000000000038
R12=0000000000c4ce4c R13=0000000000000000 R14=0000000000000043 R15=0000000000000000
RIP=0000000000200d31 RFL=00000287 [--S--PC] CPL=0 II=0 A20=1 SMM=0 HLT=0
ES =0010 0000000000000000 ffffffff 00cf9300 DPL=0 DS   [-WA]
CS =0008 0000000000000000 ffffffff 00af9b00 DPL=0 CS64 [-RA]
SS =0010 0000000000000000 ffffffff 00cf9300 DPL=0 DS   [-WA]
DS =0010 0000000000000000 ffffffff 00cf9300 DPL=0 DS   [-WA]
FS =0010 0000000000000000 ffffffff 00cf9300 DPL=0 DS   [-WA]
GS =0010 0000000000000000 ffffffff 00cf9300 DPL=0 DS   [-WA]
LDT=0000 0000000000000000 0000ffff 00008200 DPL=0 LDT
TR =0028 000000000020d5b8 00000067 00008900 DPL=0 TSS64-avl
GDT=     000000000020d578 0000003f
IDT=     000000000020d620 0000020f
CR0=80000011 CR2=0000000000000000 CR3=0000000000102000 CR4=00000020
DR0=0000000000000000 DR1=0000000000000000 DR2=0000000000000000 DR3=0000000000000000 
DR6=00000000ffff0ff0 DR7=0000000000000400
CCS=0000000000000085 CCD=fffffffffffffffa CCO=EFLAGS
EFER=0000000000000501
Servicing hardware INT=0x20
    97: v=20 e=0000 i=0 cpl=0 IP=0008:0000000000200d31 pc=0000000000200d31 SP=0010:00000000002fffc8 env->regs[R_EAX]=0000000000000002
RAX=0000000000000002 RBX=0000000000009500 RCX=000000000000005f RDX=00000000000003f8
RSI=000000000000001a RDI=0000000000000a00 RBP=0000000000000000 RSP=00000000002fffc8
R8 =0000000000000729 R9 =0000000000000001 R10=8080808080808080 R11=0000000000000038
R12=0000000000c4ce4c R13=0000000000000000 R14=0000000000000043 R15=0000000000000000
RIP=0000000000200d31 RFL=00000283 [--S---C] CPL=0 II=0 A20=1 SMM=0 HLT=0
ES =0010 0000000000000000 ffffffff 00cf9300 DPL=0 DS   [-WA]
CS =0008 0000000000000000 ffffffff 00af9b00 DPL=0 CS64 [-RA]
SS =0010 0000000000000000 ffffffff 00cf9300 DPL=0 DS   [-WA]
DS =0010 0000000000000000 ffffffff 00cf9300 DPL=0 DS   [-WA]
FS =0010 0000000000000000 ffffffff 00cf9300 DPL=0 DS   [-WA]
GS =0010 0000000000000000 ffffffff 00cf9300 DPL=0 DS   [-WA]
LDT=0000 0000000000000000 0000ffff 00008200 DPL=0 LDT
TR =0028 000000000020d5b8 00000067 00008900 DPL=0 TSS64-avl
GDT=     000000000020d578 0000003f
IDT=     000000000020d620 0000020f
CR0=80000011 CR2=0000000000000000 CR3=0000000000102000 CR4=00000020
DR0=0000000000000000 DR1=0000000000000000 DR2=0000000000000000 DR3=0000000000000000 
DR6=00000000ffff0ff0 DR7=0000000000000400
CCS=0000000000000081 CCD=fffffffffffffffb CCO=EFLAGS
EFER=0000000000000501
Servicing hardware INT=0x20
    98: v=20 e=0000 i=0 cpl=0 IP=0008:0000000000200d31 pc=0000000000200d31 SP=0010:00000000002fffc8 env->regs[R_EAX]=0000000000000002
RAX=0000000000000002 RBX=0000000000009500 RCX=0000000000000060 RDX=00000000000003f8
RSI=000000000000001a RDI=0000000000000a00 RBP=0000000000000000 RSP=00000000002fffc8
R8 =0000000000000729 R9 =0000000000000001 R10=8080808080808080 R11=0000000000000038
R12=0000000000c4ce4c R13=0000000000000000 R14=0000000000000043 R15=0000000000000000
RIP=0000000000200d31 RFL=00000297 [--S-APC] CPL=0 II=0 A20=1 SMM=0 HLT=0
ES =0010 0000000000000000 ffffffff 00cf9300 DPL=0 DS   [-WA]
CS =0008 0000000000000000 ffffffff 00af9b00 DPL=0 CS64 [-RA]
SS =0010 0000000000000000 ffffffff 00cf9300 DPL=0 DS   [-WA]
DS =0010 0000000000000000 ffffffff 00cf9300 DPL=0 DS   [-WA]
FS =0010 0000000000000000 ffffffff 00cf9300 DPL=0 DS   [-WA]
GS =0010 0000000000000000 ffffffff 00cf9300 DPL=0 DS   [-WA]
LDT=0000 0000000000000000 0000ffff 00008200 DPL=0 LDT
TR =0028 000000000020d5b8 00000067 00008900 DPL=0 TSS64-avl
GDT=     000000000020d578 0000003f
IDT=     000000000020d620 0000020f
CR0=80000011 CR2=0000000000000000 CR3=0000000000102000 CR4=00000020
DR0=0000000000000000 DR1=0000000000000000 DR2=0000000000000000 DR3=0000000000000000 
DR6=00000000ffff0ff0 DR7=0000000000000400
CCS=0000000000000095 CCD=fffffffffffffffc CCO=EFLAGS
EFER=0000000000000501
Servicing hardware INT=0x20
    99: v=20 e=0000 i=0 cpl=0 IP=0008:0000000000200d31 pc=0000000000200d31 SP=0010:00000000002fffc8 env->regs[R_EAX]=0000000000000002
RAX=0000000000000002 RBX=0000000000009500 RCX=0000000000000061 RDX=00000000000003f8
RSI=000000000000001a RDI=0000000000000a00 RBP=0000000000000000 RSP=00000000002fffc8
R8 =0000000000000729 R9 =0000000000000001 R10=8080808080808080 R11=0000000000000038
R12=0000000000c4ce4c R13=0000000000000000 R14=0000000000000043 R15=0000000000000000
RIP=0000000000200d31 RFL=00000293 [--S-A-C] CPL=0 II=0 A20=1 SMM=0 HLT=0
ES =0010 0000000000000000 ffffffff 00cf9300 DPL=0 DS   [-WA]
CS =0008 0000000000000000 ffffffff 00af9b00 DPL=0 CS64 [-RA]
SS =0010 0000000000000000 ffffffff 00cf9300 DPL=0 DS   [-WA]
DS =0010 0000000000000000 ffffffff 00cf9300 DPL=0 DS   [-WA]
FS =0010 0000000000000000 ffffffff 00cf9300 DPL=0 DS   [-WA]
GS =0010 0000000000000000 ffffffff 00cf9300 DPL=0 DS   [-WA]
LDT=0000 0000000000000000 0000ffff 00008200 DPL=0 LDT
TR =0028 000000000020d5b8 00000067 00008900 DPL=0 TSS64-avl
GDT=     000000000020d578 0000003f
IDT=     000000000020d620 0000020f
CR0=80000011 CR2=0000000000000000 CR3=0000000000102000 CR4=00000020
DR0=0000000000000000 DR1=0000000000000000 DR2=0000000000000000 DR3=0000000000000000 
DR6=00000000ffff0ff0 DR7=0000000000000400
CCS=0000000000000091 CCD=fffffffffffffffd CCO=EFLAGS
EFER=0000000000000501
Servicing hardware INT=0x20
   100: v=20 e=0000 i=0 cpl=0 IP=0008:0000000000200d31 pc=0000000000200d31 SP=0010:00000000002fffc8 env->regs[R_EAX]=0000000000000002
RAX=0000000000000002 RBX=0000000000009500 RCX=0000000000000062 RDX=00000000000003f8
RSI=000000000000001a RDI=0000000000000a00 RBP=0000000000000000 RSP=00000000002fffc8
R8 =0000000000000729 R9 =0000000000000001 R10=8080808080808080 R11=0000000000000038
R12=0000000000c4ce4c R13=0000000000000000 R14=0000000000000043 R15=0000000000000000
RIP=0000000000200d31 RFL=00000293 [--S-A-C] CPL=0 II=0 A20=1 SMM=0 HLT=0
ES =0010 0000000000000000 ffffffff 00cf9300 DPL=0 DS   [-WA]
CS =0008 0000000000000000 ffffffff 00af9b00 DPL=0 CS64 [-RA]
SS =0010 0000000000000000 ffffffff 00cf9300 DPL=0 DS   [-WA]
DS =0010 0000000000000000 ffffffff 00cf9300 DPL=0 DS   [-WA]
FS =0010 0000000000000000 ffffffff 00cf9300 DPL=0 DS   [-WA]
GS =0010 0000000000000000 ffffffff 00cf9300 DPL=0 DS   [-WA]
LDT=0000 0000000000000000 0000ffff 00008200 DPL=0 LDT
TR =0028 000000000020d5b8 00000067 00008900 DPL=0 TSS64-avl
GDT=     000000000020d578 0000003f
IDT=     000000000020d620 0000020f
CR0=80000011 CR2=0000000000000000 CR3=0000000000102000 CR4=00000020
DR0=0000000000000000 DR1=0000000000000000 DR2=0000000000000000 DR3=0000000000000000 
DR6=00000000ffff0ff0 DR7=0000000000000400
CCS=0000000000000091 CCD=fffffffffffffffe CCO=EFLAGS
EFER=0000000000000501
Servicing hardware INT=0x20
   101: v=20 e=0000 i=0 cpl=0 IP=0008:0000000000200d31 pc=0000000000200d31 SP=0010:00000000002fffc8 env->regs[R_EAX]=0000000000000002
RAX=0000000000000002 RBX=0000000000009500 RCX=0000000000000063 RDX=00000000000003f8
RSI=000000000000001a RDI=0000000000000a00 RBP=0000000000000000 RSP=00000000002fffc8
R8 =0000000000000729 R9 =0000000000000001 R10=8080808080808080 R11=0000000000000038
R12=0000000000c4ce4c R13=0000000000000000 R14=0000000000000043 R15=0000000000000000
RIP=0000000000200d31 RFL=00000297 [--S-APC] CPL=0 II=0 A20=1 SMM=0 HLT=0
ES =0010 0000000000000000 ffffffff 00cf9300 DPL=0 DS   [-WA]
CS =0008 0000000000000000 ffffffff 00af9b00 DPL=0 CS64 [-RA]
SS =0010 0000000000000000 ffffffff 00cf9300 DPL=0 DS   [-WA]
DS =0010 0000000000000000 ffffffff 00cf9300 DPL=0 DS   [-WA]
FS =0010 0000000000000000 ffffffff 00cf9300 DPL=0 DS   [-WA]
GS =0010 0000000000000000 ffffffff 00cf9300 DPL=0 DS   [-WA]
LDT=0000 0000000000000000 0000ffff 00008200 DPL=0 LDT
TR =0028 000000000020d5b8 00000067 00008900 DPL=0 TSS64-avl
GDT=     000000000020d578 0000003f
IDT=     000000000020d620 0000020f
CR0=80000011 CR2=0000000000000000 CR3=0000000000102000 CR4=00000020
DR0=0000000000000000 DR1=0000000000000000 DR2=0000000000000000 DR3=0000000000000000 
DR6=00000000ffff0ff0 DR7=0000000000000400
CCS=0000000000000095 CCD=ffffffffffffffff CCO=EFLAGS
EFER=0000000000000501
check_exception old: 0xffffffff new 0xe
   102: v=0e e=0002 i=0 cpl=0 IP=0008:000000000020144d pc=000000000020144d SP=0010:00000000002fffc8 CR2=00000000fd000000
RAX=000000000000000a RBX=0000000000009500 RCX=0000000000000030 RDX=00000000000003f8
RSI=00000000002fff98 RDI=00000000002fff98 RBP=0000000000000000 RSP=00000000002fffc8
R8 =0000000000000000 R9 =3030303030307476 R10=8080808080808080 R11=0000000000000030
R12=0000000000c4ce4c R13=0000000000000000 R14=00000000fd000000 R15=0000000000000000
RIP=000000000020144d RFL=00000206 [-----P-] CPL=0 II=0 A20=1 SMM=0 HLT=0
ES =0010 0000000000000000 ffffffff 00cf9300 DPL=0 DS   [-WA]
CS =0008 0000000000000000 ffffffff 00af9b00 DPL=0 CS64 [-RA]
SS =0010 0000000000000000 ffffffff 00cf9300 DPL=0 DS   [-WA]
DS =0010 0000000000000000 ffffffff 00cf9300 DPL=0 DS   [-WA]
FS =0010 0000000000000000 ffffffff 00cf9300 DPL=0 DS   [-WA]
GS =0010 0000000000000000 ffffffff 00cf9300 DPL=0 DS   [-WA]
LDT=0000 0000000000000000 0000ffff 00008200 DPL=0 LDT
TR =0028 000000000020d5b8 00000067 00008900 DPL=0 TSS64-avl
GDT=     000000000020d578 0000003f
IDT=     000000000020d620 0000020f
CR0=80000011 CR2=00000000fd000000 CR3=0000000000102000 CR4=00000020
DR0=0000000000000000 DR1=0000000000000000 DR2=0000000000000000 DR3=0000000000000000 
DR6=00000000ffff0ff0 DR7=0000000000000400
CCS=0000000000000038 CCD=00000000fd000000 CCO=LOGICQ
EFER=0000000000000501
check_exception old: 0xffffffff new 0x0
   103: v=00 e=0000 i=0 cpl=3 IP=0023:0000000000000035 pc=0000000000000035 SP=001b:0000000000000000 env->regs[R_EAX]=ffffffffffffffda
RAX=ffffffffffffffda RBX=0000000000009500 RCX=0000000000000030 RDX=00000000000003f8
RSI=000000000020cb3d RDI=000000000020cb3d RBP=0000000000000000 RSP=0000000000000000
R8 =0000000000000000 R9 =3030303030307476 R10=8080808080808080 R11=0000000000000030
R12=0000000000c4ce4c R13=0000000000000000 R14=00000000fd000000 R15=0000000000000000
RIP=0000000000000035 RFL=00000086 [--S--P-] CPL=3 II=0 A20=1 SMM=0 HLT=0
ES =0010 0000000000000000 ffffffff 00cf9300 DPL=0 DS   [-WA]
CS =0023 0000000000000000 ffffffff 00a0fb00 DPL=3 CS64 [-RA]
SS =001b 0000000000000000 ffffffff 00c0f300 DPL=3 DS   [-WA]
DS =0010 0000000000000000 ffffffff 00cf9300 DPL=0 DS   [-WA]
FS =0010 0000000000000000 ffffffff 00cf9300 DPL=0 DS   [-WA]
GS =0010 0000000000000000 ffffffff 00cf9300 DPL=0 DS   [-WA]
LDT=0000 0000000000000000 0000ffff 00008200 DPL=0 LDT
TR =0028 000000000020d5b8 00000067 00008900 DPL=0 TSS64-avl
GDT=     000000000020d578 0000003f
IDT=     000000000020d620 0000020f
CR0=80000011 CR2=00000000fd000000 CR3=0000000000102000 CR4=00000020
DR0=0000000000000000 DR1=0000000000000000 DR2=0000000000000000 DR3=0000000000000000 
DR6=00000000ffff0ff0 DR7=0000000000000400
CCS=000000003df000d4 CCD=ffffffffc20fff06 CCO=SUBL
EFER=0000000000000501
